"name","pcode","parent","admlevel"
"SAN PEDRO","CIV12","CIV",1
"ABENGOUROU","CIV09","CIV",1
"ODIENNE","CIV02","CIV",1
"ABIDJAN","CIV14","CIV",1
"YAMOUSSOUKRO","CIV10","CIV",1
"GAGNOA","CIV11","CIV",1
"DIMBOKRO","CIV07","CIV",1
"DABOU","CIV13","CIV",1
"MAN","CIV06","CIV",1
"DALOA","CIV08","CIV",1
"KORHOGO","CIV01","CIV",1
"BOUAKE","CIV04","CIV",1
"SEGUELA","CIV05","CIV",1
"BONDOUKOU","CIV03","CIV",1
"AGNEBY-TIASSA","CIV1302","CIV13",2
"BAFING","CIV0502","CIV05",2
"BAGOUE","CIV0101","CIV01",2
"BELIER","CIV0702","CIV07",2
"BERE","CIV0501","CIV05",2
"BOUNKANI","CIV0301","CIV03",2
"CAVALLY","CIV0603","CIV06",2
"DISTRICT AUTONOME D'ABIDJAN","CIV1401","CIV14",2
"DISTRICT AUTONOME DE YAMOUSSOUKRO","CIV1001","CIV10",2
"FOLON","CIV0201","CIV02",2
"GBEKE","CIV0402","CIV04",2
"GBOKLE","CIV1203","CIV12",2
"GOH","CIV1101","CIV11",2
"GONTOUGO","CIV0302","CIV03",2
"GRANDS PONTS","CIV1303","CIV13",2
"GUEMON","CIV0602","CIV06",2
"HAMBOL","CIV0401","CIV04",2
"HAUT-SASSANDRA","CIV0801","CIV08",2
"IFFOU","CIV0701","CIV07",2
"INDENIE-DJUABLIN","CIV0901","CIV09",2
"KABADOUGOU","CIV0202","CIV02",2
"LOH-DJIBOUA","CIV1102","CIV11",2
"MARAHOUE","CIV0802","CIV08",2
"ME","CIV1301","CIV13",2
"N'ZI","CIV0703","CIV07",2
"NAWA","CIV1201","CIV12",2
"PORO","CIV0102","CIV01",2
"SAN PEDRO","CIV1202","CIV12",2
"SUD-COMOE","CIV0902","CIV09",2
"TCHOLOGO","CIV0103","CIV01",2
"TONKPI","CIV0601","CIV06",2
"WORODOUGOU","CIV0503","CIV05",2
"Agboville","CIV130202","CIV1302",3
"Adzopí©","CIV130102","CIV1301",3
"Koro","CIV050201","CIV0502",3
"Ouaninou","CIV050203","CIV0502",3
"Touba","CIV050202","CIV0502",3
"San Pedro","CIV120202","CIV1202",3
"Sassandra","CIV120301","CIV1203",3
"Tabou","CIV120201","CIV1202",3
"Soubre","CIV120101","CIV1201",3
"Odienne","CIV020203","CIV0202",3
"Samatiguila","CIV020201","CIV0202",3
"Minignan","CIV020101","CIV0201",3
"Madinani","CIV020202","CIV0202",3
"Gagnoa","CIV110102","CIV1101",3
"Oume","CIV110101","CIV1101",3
"Daloa","CIV080102","CIV0801",3
"Zoukougbeu","CIV080103","CIV0801",3
"Issia","CIV080104","CIV0801",3
"Vavoua","CIV080101","CIV0801",3
"Tiebissou","CIV070202","CIV0702",3
"Toumodi","CIV070203","CIV0702",3
"Yamoussoukro","CIV100102","CIV1001",3
"Didievi","CIV070201","CIV0702",3
"ABIDJAN","CIV140101","CIV1401",3
"Alí©pí©","CIV130104","CIV1301",3
"Dabou","CIV130302","CIV1303",3
"Sikensi","CIV130203","CIV1302",3
"Grand Lahou","CIV130301","CIV1303",3
"Jacqueville","CIV130303","CIV1303",3
"Tiassalí©","CIV130201","CIV1302",3
"Bouafle","CIV080202","CIV0802",3
"Sinfra","CIV080203","CIV0802",3
"Zuenoula","CIV080201","CIV0802",3
"Bangolo","CIV060202","CIV0602",3
"Biankouma","CIV060101","CIV0601",3
"Danane","CIV060103","CIV0601",3
"Zouan Hounien","CIV060104","CIV0601",3
"Kouibly","CIV060201","CIV0602",3
"Man","CIV060102","CIV0601",3
"Duekoue","CIV060203","CIV0602",3
"Blolequin","CIV060301","CIV0603",3
"Guiglo","CIV060302","CIV0603",3
"Toulepleu","CIV060303","CIV0603",3
"Abengourou","CIV090102","CIV0901",3
"Bettií©","CIV090103","CIV0901",3
"Agnibilekrou","CIV090101","CIV0901",3
"Bocanda","CIV070301","CIV0703",3
"Bongouanou","CIV070303","CIV0703",3
"Arrah","CIV070304","CIV0703",3
"M'Batto","CIV070305","CIV0703",3
"Dimbokro","CIV070302","CIV0703",3
"M'Bahiakro","CIV070102","CIV0701",3
"Boundiali","CIV010103","CIV0101",3
"Kouto","CIV010102","CIV0101",3
"Ouangolodougou","CIV010301","CIV0103",3
"Dikodougou","CIV010203","CIV0102",3
"Sinematiali","CIV010202","CIV0102",3
"Korhogo","CIV010201","CIV0102",3
"Tengrela","CIV010101","CIV0101",3
"Lakota","CIV110201","CIV1102",3
"Divo","CIV110202","CIV1102",3
"Fresco","CIV120302","CIV1203",3
"Guitry","CIV110203","CIV1102",3
"Aboisso","CIV090201","CIV0902",3
"Adiakí©","CIV090203","CIV0902",3
"Tiapoum","CIV090204","CIV0902",3
"Bouake","CIV040203","CIV0402",3
"Botro","CIV040201","CIV0402",3
"Niakaramandougou","CIV040101","CIV0401",3
"Katiola","CIV040103","CIV0401",3
"Dabakala","CIV040102","CIV0401",3
"Mankono","CIV050101","CIV0501",3
"Kani","CIV050301","CIV0503",3
"Seguela","CIV050302","CIV0503",3
"Bondoukou","CIV030201","CIV0302",3
"Sandegue","CIV030202","CIV0302",3
"Doropo","CIV030102","CIV0301",3
"Tehini","CIV030101","CIV0301",3
"Nassian","CIV030104","CIV0301",3
"Koun Fao","CIV030205","CIV0302",3
"Tanda","CIV030203","CIV0302",3
"Transua","CIV030204","CIV0302",3
"Yakasse attobrou","CIV130103","CIV1301",3
"Kounahiri","CIV050102","CIV0501",3
"Guí©yo","CIV120102","CIV1201",3
"Attiegouakro","CIV100101","CIV1001",3
"Kaniasso","CIV020102","CIV0201",3
"Ferkessí©dougou","CIV010302","CIV0103",3
"Akoupe","CIV130101","CIV1301",3
"Daoukro","CIV070103","CIV0701",3
"Prikro","CIV070101","CIV0701",3
"Bí©oumi","CIV040202","CIV0402",3
"Sakassou","CIV040204","CIV0402",3
"Bouna","CIV030103","CIV0301",3
"Grand-Bassam","CIV090202","CIV0902",3
"Azaguií©","CIV13020211","CIV130202",4
"Agboville","CIV13020207","CIV130202",4
"Rubino","CIV13020202","CIV130202",4
"Adzope","CIV13010201","CIV130102",4
"Booko","CIV05020102","CIV050201",4
"Borotou","CIV05020103","CIV050201",4
"Guinteguela","CIV05020201","CIV050202",4
"Koonan","CIV05020302","CIV050203",4
"Koro","CIV05020105","CIV050201",4
"Ouaninou","CIV05020303","CIV050203",4
"Touba","CIV05020202","CIV050202",4
"Grand-Bí©rí©by","CIV12020205","CIV120202",4
"San Pedro","CIV12020204","CIV120202",4
"Sassandra","CIV12030106","CIV120301",4
"Grabo","CIV12020102","CIV120201",4
"Tabou","CIV12020106","CIV120201",4
"Buyo","CIV12010101","CIV120101",4
"Grand Zatry","CIV12010103","CIV120101",4
"Mí©agui","CIV12010109","CIV120101",4
"Soubre","CIV12010104","CIV120101",4
"Bako","CIV02020307","CIV020203",4
"Dioulatiedougou","CIV02020308","CIV020203",4
"Odienne","CIV02020304","CIV020203",4
"Samatiguila","CIV02020101","CIV020201",4
"Seydougou","CIV02020303","CIV020203",4
"Goulia","CIV02010202","CIV020102",4
"Minignan","CIV02010104","CIV020101",4
"Tienko","CIV02010102","CIV020101",4
"Madinani","CIV02020203","CIV020202",4
"Sí©guí©lon","CIV02020204","CIV020202",4
"Gagnoa","CIV11010207","CIV110102",4
"Guiberoua","CIV11010203","CIV110102",4
"Ouragahio","CIV11010204","CIV110102",4
"Dií©goní©fla","CIV11010104","CIV110101",4
"Oume","CIV11010101","CIV110101",4
"Daloa","CIV08010203","CIV080102",4
"Bí©diala","CIV08010201","CIV080102",4
"Gboguhí©","CIV08010205","CIV080102",4
"Zoukougbeu","CIV08010302","CIV080103",4
"Issia","CIV08010404","CIV080104",4
"Vavoua","CIV08010104","CIV080101",4
"Tiebissou","CIV07020201","CIV070202",4
"Djí©kanou","CIV07020304","CIV070203",4
"Kokoumbo","CIV07020303","CIV070203",4
"Toumodi","CIV07020302","CIV070203",4
"Yamoussoukro","CIV10010202","CIV100102",4
"Didievi","CIV07020104","CIV070201",4
"Tie N'Diekro","CIV07020101","CIV070201",4
"Anyama","CIV14010101","CIV140101",4
"ABIDJAN","CIV14010105","CIV140101",4
"Bingerville","CIV14010104","CIV140101",4
"Songon","CIV14010102","CIV140101",4
"Alepe","CIV13010403","CIV130104",4
"Dabou","CIV13030203","CIV130302",4
"Sikensi","CIV13020302","CIV130203",4
"Grand Lahou","CIV13030103","CIV130301",4
"Jacqueville","CIV13030302","CIV130303",4
"Taabo","CIV13020101","CIV130201",4
"Tiassale","CIV13020104","CIV130201",4
"Bouafle","CIV08020203","CIV080202",4
"Bonon","CIV08020202","CIV080202",4
"Sinfra","CIV08020301","CIV080203",4
"Gohitafla","CIV08020105","CIV080201",4
"Zuenoula","CIV08020103","CIV080201",4
"Bangolo","CIV06020206","CIV060202",4
"Biankouma","CIV06010104","CIV060101",4
"Gbonne","CIV06010106","CIV060101",4
"Sipilou","CIV06010102","CIV060101",4
"Danane","CIV06010304","CIV060103",4
"Zouan Hounien","CIV06010404","CIV060104",4
"Bin-Houyí©","CIV06010405","CIV060104",4
"Facobly","CIV06020105","CIV060201",4
"Kouibly","CIV06020107","CIV060201",4
"Man","CIV06010202","CIV060102",4
"Logoualí©","CIV06010210","CIV060102",4
"Duekoue","CIV06020303","CIV060203",4
"Blolequin","CIV06030101","CIV060301",4
"Guiglo","CIV06030203","CIV060302",4
"Tai","CIV06030206","CIV060302",4
"Toulepleu","CIV06030302","CIV060303",4
"Abengourou","CIV09010204","CIV090102",4
"Bettie","CIV09010302","CIV090103",4
"Niable","CIV09010205","CIV090102",4
"Agnibilekrou","CIV09010102","CIV090101",4
"Bocanda","CIV07030102","CIV070301",4
"Kouassi-Kouassikro","CIV07030101","CIV070301",4
"Bongouanou","CIV07030304","CIV070303",4
"Arrah","CIV07030402","CIV070304",4
"Anoumaba","CIV07030504","CIV070305",4
"M'Batto","CIV07030503","CIV070305",4
"Tií©mí©lí©kro","CIV07030502","CIV070305",4
"Ouellí©","CIV07010304","CIV070103",4
"Dimbokro","CIV07030204","CIV070302",4
"M'Bahiakro","CIV07010203","CIV070102",4
"Boundiali","CIV01010304","CIV010103",4
"Gbon","CIV01010202","CIV010102",4
"Kassere","CIV01010302","CIV010103",4
"Kolia","CIV01010205","CIV010102",4
"Kouto","CIV01010203","CIV010102",4
"Diawala","CIV01030103","CIV010301",4
"Kong","CIV01030205","CIV010302",4
"Koumbala","CIV01030203","CIV010302",4
"Nielle","CIV01030102","CIV010301",4
"Ouangolodougou","CIV01030105","CIV010301",4
"Dikodougou","CIV01020302","CIV010203",4
"Guiembí©","CIV01020301","CIV010203",4
"Karakoro","CIV01020109","CIV010201",4
"Komborodougou","CIV01020110","CIV010201",4
"Tioroniaradougou","CIV01020112","CIV010201",4
"Niofoin","CIV01020105","CIV010201",4
"M'Benguí©","CIV01020103","CIV010201",4
"Napií©olí©dougou","CIV01020116","CIV010201",4
"Sirasso","CIV01020115","CIV010201",4
"Sinematiali","CIV01020201","CIV010202",4
"Korhogo","CIV01020108","CIV010201",4
"Tengrela","CIV01010103","CIV010101",4
"Lakota","CIV11020104","CIV110201",4
"Zikisso","CIV11020103","CIV110201",4
"Divo","CIV11020206","CIV110202",4
"Fresco","CIV12030203","CIV120302",4
"Guitry","CIV11020302","CIV110203",4
"Hirí©","CIV11020201","CIV110202",4
"Aboisso","CIV09020104","CIV090201",4
"Ayamí©","CIV09020103","CIV090201",4
"Bonoua","CIV09020202","CIV090202",4
"Adiake","CIV09020301","CIV090203",4
"Tiapoum","CIV09020403","CIV090204",4
"Bouake","CIV04020301","CIV040203",4
"Botro","CIV04020103","CIV040201",4
"Brobo","CIV04020303","CIV040203",4
"Diabo","CIV04020102","CIV040201",4
"Djí©bonoua","CIV04020305","CIV040203",4
"Fronan","CIV04010301","CIV040103",4
"Niakaramandougou","CIV04010103","CIV040101",4
"Katiola","CIV04010303","CIV040103",4
"Tafirí©","CIV04010102","CIV040101",4
"Tortiya","CIV04010106","CIV040101",4
"Sakassou","CIV04020401","CIV040204",4
"Bonieredougou","CIV04010205","CIV040102",4
"Dabakala","CIV04010202","CIV040102",4
"Bassawa","CIV04010207","CIV040102",4
"Foumbolo","CIV04010201","CIV040102",4
"Satama Sokoro","CIV04010208","CIV040102",4
"Satama Sokoura","CIV04010209","CIV040102",4
"Bodokro","CIV04020203","CIV040202",4
"Dianra","CIV05010101","CIV050101",4
"Mankono","CIV05010106","CIV050101",4
"Sarhala","CIV05010103","CIV050101",4
"Tií©ningbouí©","CIV05010107","CIV050101",4
"Djibrosso","CIV05030102","CIV050301",4
"Dualla","CIV05030203","CIV050302",4
"Kani","CIV05030104","CIV050301",4
"Massala","CIV05030205","CIV050302",4
"Morondo","CIV05030101","CIV050301",4
"Seguela","CIV05030204","CIV050302",4
"Sifie","CIV05030206","CIV050302",4
"Worofla","CIV05030201","CIV050302",4
"Bondoukou","CIV03020108","CIV030201",4
"Sandegue","CIV03020202","CIV030202",4
"Bouna","CIV03010301","CIV030103",4
"Doropo","CIV03010202","CIV030102",4
"Tehini","CIV03010102","CIV030101",4
"Nassian","CIV03010404","CIV030104",4
"Assuí©fry","CIV03020401","CIV030204",4
"Kouassi-Datí©kro","CIV03020501","CIV030205",4
"Koun Fao","CIV03020503","CIV030205",4
"Tanda","CIV03020303","CIV030203",4
"Transua","CIV03020402","CIV030204",4
"Mafí©rí©","CIV09020105","CIV090201",4
"Yakasse attobrou","CIV13010302","CIV130103",4
"Kongasso","CIV05010202","CIV050102",4
"Kounahiri","CIV05010201","CIV050102",4
"Tií©mí©","CIV02020305","CIV020203",4
"Agou","CIV13010202","CIV130102",4
"Ettrokro","CIV07010305","CIV070103",4
"Sangouiní©","CIV06010203","CIV060102",4
"Saioua","CIV08010403","CIV080104",4
"Affí©ry","CIV13010103","CIV130101",4
"Kanakono","CIV01010104","CIV010101",4
"Guí©yo","CIV12010201","CIV120102",4
"Oress Krobou","CIV13020209","CIV130202",4
"Loviguie","CIV13020208","CIV130202",4
"Grand Morií©","CIV13020205","CIV130202",4
"Cechi","CIV13020201","CIV130202",4
"Abongoua","CIV13010301","CIV130103",4
"Bií©by","CIV13010303","CIV130103",4
"Assikoi","CIV13010203","CIV130102",4
"Bí©cí©di-Brignan","CIV13010205","CIV130102",4
"Bí©couí©fin","CIV13010101","CIV130101",4
"Foungbesso","CIV05020204","CIV050202",4
"Dogbo","CIV12020202","CIV120202",4
"Gabiadji","CIV12020203","CIV120202",4
"Doba","CIV12020201","CIV120202",4
"Dabouyo","CIV12010202","CIV120102",4
"Dakpadou","CIV12030104","CIV120301",4
"Sago","CIV12030101","CIV120301",4
"Djouroutou","CIV12020101","CIV120201",4
"Oupoyo","CIV12010108","CIV120101",4
"Okrouyo","CIV12010107","CIV120101",4
"Liliyo","CIV12010105","CIV120101",4
"Bougousso","CIV02020306","CIV020203",4
"Kimbirila Sud","CIV02020102","CIV020201",4
"Sí©rihio","CIV11010211","CIV110102",4
"Dignago","CIV11010205","CIV110102",4
"Galí©bouo","CIV11010208","CIV110102",4
"Tonla","CIV11010103","CIV110101",4
"Guí©pahouo","CIV11010102","CIV110101",4
"Gonatí©","CIV08010202","CIV080102",4
"Gadouan","CIV08010206","CIV080102",4
"Seitifla","CIV08010101","CIV080101",4
"Ketro Bassam","CIV08010106","CIV080101",4
"Bazra Nattis","CIV08010102","CIV080101",4
"Lomokankro","CIV07020203","CIV070202",4
"Molonou","CIV07020202","CIV070202",4
"Angoda","CIV07020301","CIV070203",4
"KpouíÂbo","CIV07020305","CIV070203",4
"Attiegouakro","CIV10010102","CIV100101",4
"Molonou-Blí©","CIV07020102","CIV070201",4
"Brofodoumí©","CIV14010103","CIV140101",4
"Oghlwapo","CIV13010405","CIV130104",4
"Toupah","CIV13030201","CIV130302",4
"Lopou","CIV13030202","CIV130302",4
"Gomon","CIV13020301","CIV130203",4
"Ebonou","CIV13030104","CIV130301",4
"Bacanda","CIV13030101","CIV130301",4
"Ahouanou","CIV13030102","CIV130301",4
"Zaguií©ta","CIV08020206","CIV080202",4
"Bazrí©","CIV08020303","CIV080203",4
"Kononfla","CIV08020302","CIV080203",4
"Kouí©tinfla","CIV08020304","CIV080203",4
"Voueboufla","CIV08020102","CIV080201",4
"Kanzra","CIV08020107","CIV080201",4
"Dií©ouzon","CIV06020202","CIV060202",4
"Guinglo Tahouake","CIV06020207","CIV060202",4
"Zí©o","CIV06020204","CIV060202",4
"Zou","CIV06020208","CIV060202",4
"Santa","CIV06010107","CIV060101",4
"Gbangbí©gouiní©","CIV06010109","CIV060101",4
"Yorodougou","CIV06010103","CIV060101",4
"Kouan-Houlí©","CIV06010302","CIV060103",4
"Daleu","CIV06010301","CIV060103",4
"Tí©apleu","CIV06010402","CIV060104",4
"Totrodrou","CIV06020108","CIV060201",4
"Yapleu","CIV06010211","CIV060102",4
"Dokí©","CIV06030102","CIV060301",4
"Tinhou","CIV06030104","CIV060301",4
"Zeaglo","CIV06030103","CIV060301",4
"Zagne","CIV06030205","CIV060302",4
"Pí©hí©","CIV06030301","CIV060303",4
"Tiobly","CIV06030304","CIV060303",4
"Amí©lí©kia","CIV09010202","CIV090102",4
"Aniassuí©","CIV09010203","CIV090102",4
"Yakasse Feyasse","CIV09010201","CIV090102",4
"Ebilassokro","CIV09010207","CIV090102",4
"Zaranou","CIV09010206","CIV090102",4
"Diamarakro","CIV09010301","CIV090103",4
"Tanguí©lan","CIV09010103","CIV090101",4
"Duffrebo","CIV09010101","CIV090101",4
"Bengassou","CIV07030105","CIV070301",4
"N'Zecrezessou","CIV07030103","CIV070301",4
"Andí©","CIV07030301","CIV070303",4
"Nofou","CIV07030201","CIV070302",4
"Ganaoni","CIV01010305","CIV010103",4
"Siempurgo","CIV01010303","CIV010103",4
"Sianhala","CIV01010204","CIV010102",4
"Kanoroba","CIV01020118","CIV010201",4
"Dí©bí©tí©","CIV01010102","CIV010101",4
"Niambí©zaria","CIV11020105","CIV110201",4
"Ogoudou","CIV11020205","CIV110202",4
"Didoko","CIV11020204","CIV110202",4
"Gbagbam","CIV12030201","CIV120302",4
"Lauzoua","CIV11020303","CIV110203",4
"Bianouan","CIV09020101","CIV090201",4
"Yaou","CIV09020102","CIV090201",4
"Kouakro","CIV09020106","CIV090201",4
"Noí©","CIV09020401","CIV090204",4
"Nouamou","CIV09020402","CIV090204",4
"Nií©dií©kaha","CIV04010104","CIV040101",4
"Badikaha","CIV04010101","CIV040101",4
"Ando Kekrenou","CIV04020206","CIV040202",4
"Dianra Village","CIV05010102","CIV050101",4
"Marandallah","CIV05010104","CIV050101",4
"Fadiadougou","CIV05030103","CIV050301",4
"Appimadoum","CIV03020112","CIV030201",4
"Goumere","CIV03020110","CIV030201",4
"Yorobodi","CIV03020201","CIV030202",4
"Dimandougou","CIV03020203","CIV030202",4
"Sapli-Sí©pingo","CIV03020107","CIV030201",4
"Sorobango","CIV03020104","CIV030201",4
"Tabagne","CIV03020109","CIV030201",4
"Taoudi","CIV03020105","CIV030201",4
"Bondo","CIV03020103","CIV030201",4
"Tougbo","CIV03010103","CIV030101",4
"Sominassí©","CIV03010405","CIV030104",4
"Amanvi","CIV03020301","CIV030203",4
"Tienkoikro","CIV03020506","CIV030205",4
"Damí©","CIV09010104","CIV090101",4
"Akoboissuí©","CIV09010105","CIV090101",4
"Sí©mien","CIV06020101","CIV060201",4
"Nidrou","CIV06020109","CIV060201",4
"Mahapleu","CIV06010305","CIV060103",4
"Guí©hií©bly","CIV06020301","CIV060203",4
"Bagohouo","CIV06020302","CIV060203",4
"Guí©zon","CIV06020304","CIV060203",4
"Gbapleu","CIV06020305","CIV060203",4
"Dania","CIV08010105","CIV080101",4
"Zaibo","CIV08010204","CIV080102",4
"Boguí©dia","CIV08010401","CIV080104",4
"Bayota","CIV11010201","CIV110102",4
"Ayaou Sran","CIV04020403","CIV040204",4
"Toumodi Sakassou","CIV04020404","CIV040204",4
"Kondrobo","CIV04020204","CIV040202",4
"Languibonou","CIV04020104","CIV040201",4
"Bonguí©ra","CIV07010201","CIV070102",4
"Tankessí©","CIV03020504","CIV030205",4
"Koffi Amonkro","CIV07010105","CIV070101",4
"Timbí©","CIV04010302","CIV040103",4
"Gbeleban","CIV02020302","CIV020203",4
"Etuí©bouí©","CIV09020302","CIV090203",4
"Assinie-Mafia","CIV09020303","CIV090203",4
"Yocobouí©","CIV11020304","CIV110203",4
"Danguira","CIV13010401","CIV130104",4
"Guessiguií©","CIV13020210","CIV130202",4
"Lolobo","CIV10010101","CIV100101",4
"Kossou","CIV10010201","CIV100102",4
"Sokoro","CIV02010103","CIV020101",4
"Gohouo Zagna","CIV06020205","CIV060202",4
"Bedi Gaozon","CIV06030201","CIV060302",4
"Nahio","CIV08010407","CIV080104",4
"Gnagbodougnoa","CIV11010209","CIV110102",4
"Gbolouville","CIV13020106","CIV130201",4
"Podiagouiní©","CIV06010209","CIV060102",4
"N'Guessankro","CIV04020201","CIV040202",4
"Mahandiana Sokourani","CIV02010201","CIV020102",4
"Aboisso-Comoí©","CIV13010402","CIV130104",4
"Blapleu","CIV06010108","CIV060101",4
"Banneu","CIV06010401","CIV060104",4
"Kouadioblí©kro","CIV07030104","CIV070301",4
"Dairo Didizo","CIV11020301","CIV110203",4
"Goudouko","CIV11020106","CIV110201",4
"Laoudi-Ba","CIV03020102","CIV030201",4
"Koutouba","CIV03010401","CIV030104",4
"Olodio","CIV12020103","CIV120201",4
"Dibokí©","CIV06030105","CIV060301",4
"Adjouan","CIV09020108","CIV090201",4
"Guessabo","CIV08010304","CIV080103",4
"Domangbeu","CIV08010301","CIV080103",4
"Morokro","CIV13020102","CIV130201",4
"N'Douci","CIV13020105","CIV130201",4
"Gouiní©","CIV06010101","CIV060101",4
"Bongo","CIV09020201","CIV090202",4
"TchíÂdio","CIV03020302","CIV030203",4
"Bouandougou","CIV05010105","CIV050101",4
"Pacobo","CIV13020103","CIV130201",4
"Nizahon","CIV06030204","CIV060302",4
"Yakpabo Sakassou","CIV07020204","CIV070202",4
"Yakassí©-Mí©","CIV13010206","CIV130102",4
"Blí©nimí©ouin","CIV06020203","CIV060202",4
"Bakoubly","CIV06030305","CIV060303",4
"Boron","CIV01020303","CIV010203",4
"Boahia","CIV03020502","CIV030205",4
"Adaou","CIV09020107","CIV090201",4
"Samango","CIV02020301","CIV020203",4
"Annepí©","CIV13010204","CIV130102",4
"Bogouiní©","CIV06010207","CIV060102",4
"Attoutou A","CIV13030301","CIV130303",4
"Kahin-Zarabaon","CIV06020209","CIV060202",4
"Kpata","CIV06010105","CIV060101",4
"Zonneu","CIV06010306","CIV060103",4
"Ouyably-Yondrou","CIV06020104","CIV060201",4
"Sandougou-Soba","CIV06010201","CIV060102",4
"Gbangbegouiní©-Yati","CIV06010204","CIV060102",4
"Famienkro","CIV07010101","CIV070101",4
"Nafana","CIV07010104","CIV070101",4
"Togonií©rí©","CIV01030202","CIV010302",4
"Toumoukoro","CIV01030101","CIV010301",4
"Mamini","CIV04020302","CIV040203",4
"Grí©gbeu","CIV08010303","CIV080103",4
"Krí©gbí©","CIV07030401","CIV070304",4
"Blessí©guí©","CIV01010201","CIV010102",4
"Iboguhí©","CIV08010402","CIV080104",4
"Fagnampleu","CIV06010206","CIV060102",4
"Boli","CIV07020103","CIV070201",4
"Kaniasso","CIV02010203","CIV020102",4
"FERKESSEDOUGOU","CIV01030201","CIV010302",4
"Akoupe","CIV13010102","CIV130101",4
"N'Goloblasso","CIV02020202","CIV020202",4
"Gbongaha","CIV02020205","CIV020202",4
"Namaní©","CIV08010405","CIV080104",4
"Tapí©guia","CIV08010406","CIV080104",4
"Daoukro","CIV07010306","CIV070103",4
"Ananda","CIV07010303","CIV070103",4
"Prikro","CIV07010102","CIV070101",4
"Aboudí©","CIV13020206","CIV130202",4
"Ananguií©","CIV13020204","CIV130202",4
"Attobrou","CIV13020203","CIV130202",4
"Niokosso","CIV05020104","CIV050201",4
"GbíÂlo","CIV05020305","CIV050203",4
"Gouí©kan","CIV05020306","CIV050203",4
"Saboudougou","CIV05020301","CIV050203",4
"Santa","CIV05020304","CIV050203",4
"Dioman","CIV05020203","CIV050202",4
"Grihiri","CIV12030102","CIV120301",4
"Lobakuya","CIV12030103","CIV120301",4
"Medon","CIV12030105","CIV120301",4
"Dapí©oua","CIV12010102","CIV120101",4
"Gnanmangui","CIV12010106","CIV120101",4
"Dapo-Ibokí©","CIV12020104","CIV120201",4
"Djamandiokí©","CIV12020105","CIV120201",4
"Fengolo","CIV02020201","CIV020202",4
"Kimbirila-Nord","CIV02010101","CIV020101",4
"Dahií©pa-Kí©hi","CIV11010212","CIV110102",4
"Dougroupalí©gnoa","CIV11010210","CIV110102",4
"Doukouyo","CIV11010212","CIV110102",4
"Yopohue","CIV11010202","CIV110102",4
"Dananon","CIV08010103","CIV080101",4
"Allosso","CIV13010404","CIV130104",4
"Toukouzou","CIV13030105","CIV130301",4
"Tibí©ita","CIV08020201","CIV080202",4
"Bí©gbí©ssou","CIV08020204","CIV080202",4
"N'Douffoukankro","CIV08020205","CIV080202",4
"Zanzra","CIV08020104","CIV080201",4
"Irií©fla","CIV08020101","CIV080201",4
"Maminigui","CIV08020106","CIV080201",4
"Bí©ouí©-Zibiao","CIV06020201","CIV060202",4
"Gbon-Houyí©","CIV06010303","CIV060103",4
"Seileu","CIV06010307","CIV060103",4
"Guí©zon","CIV06020103","CIV060201",4
"Koua","CIV06020102","CIV060201",4
"Tií©ny-Sí©ably","CIV06020106","CIV060201",4
"Ziogouiní©","CIV06010208","CIV060102",4
"Zagouí©","CIV06010205","CIV060102",4
"Goulaleu","CIV06010406","CIV060104",4
"Kaadí©","CIV06030202","CIV060302",4
"Mí©o","CIV06030306","CIV060303",4
"Ní©zobly","CIV06030303","CIV060303",4
"Assií©-Koumassi","CIV07030302","CIV070303",4
"Kotobi","CIV07030403","CIV070304",4
"Akpassanou","CIV07010302","CIV070103",4
"N'Gattakro","CIV07010307","CIV070103",4
"Samanza","CIV07010301","CIV070103",4
"Abigui","CIV07030202","CIV070302",4
"Diangokro","CIV07030203","CIV070302",4
"Kondossou","CIV07010202","CIV070102",4
"Assahara","CIV07030501","CIV070305",4
"Anianou","CIV07010103","CIV070101",4
"Baya","CIV01010301","CIV010103",4
"Bilimono","CIV01030206","CIV010302",4
"Sikolo","CIV01030204","CIV010302",4
"Bougou","CIV01020101","CIV010201",4
"Dassoungboho","CIV01020111","CIV010201",4
"Katiali","CIV01020104","CIV010201",4
"Katogo","CIV01020102","CIV010201",4
"Kií©mou","CIV01020117","CIV010201",4
"Kombolokoura","CIV01020113","CIV010201",4
"Nafoun","CIV01020114","CIV010201",4
"Koni","CIV01020106","CIV010201",4
"Lataha","CIV01020107","CIV010201",4
"Kaouara","CIV01030104","CIV010301",4
"Kagbolodougou","CIV01020203","CIV010202",4
"Sí©diogo","CIV01020202","CIV010202",4
"Papara","CIV01010101","CIV010101",4
"Djidji","CIV11020101","CIV110201",4
"Dahiri","CIV12030202","CIV120302",4
"Ní©bo","CIV11020203","CIV110202",4
"Zí©go","CIV11020202","CIV110202",4
"Chií©po","CIV11020207","CIV110202",4
"Krofoinsou","CIV04020101","CIV040201",4
"Bounda","CIV04020304","CIV040203",4
"Sokala-Sobara","CIV04010204","CIV040102",4
"Tendí©ní© Bambarasso","CIV04010203","CIV040102",4
"Yaossí©dougou","CIV04010206","CIV040102",4
"Arikokaha","CIV04010105","CIV040101",4
"Dibri-Assirikro","CIV04020402","CIV040204",4
"Bobi-Diarabana","CIV05030202","CIV050302",4
"Kamalo","CIV05030207","CIV050302",4
"Tagadi","CIV03020101","CIV030201",4
"Pinda-Boroko","CIV03020111","CIV030201",4
"Bouko","CIV03010302","CIV030103",4
"Youndouo","CIV03010304","CIV030103",4
"Ondí©fidouo","CIV03010303","CIV030103",4
"Kalamon","CIV03010201","CIV030102",4
"Niamouí©","CIV03010203","CIV030102",4
"Danoa","CIV03010204","CIV030102",4
"Diamba","CIV03020304","CIV030203",4
"Bandakagni-Tomora","CIV03020204","CIV030202",4
"Kakpin","CIV03010402","CIV030104",4
"Bogofa","CIV03010403","CIV030104",4
"Kokomian","CIV03020505","CIV030205",4
"Gogo","CIV03010101","CIV030101",4
"Kouassia-Niaguini","CIV03020403","CIV030204",4
"Bí©oumi","CIV04020202","CIV040202",4
"Lolobo","CIV04020205","CIV040202",4
"Yí©zimala","CIV03020106","CIV030201",4
"Yelleu","CIV06010403","CIV060104",4
"Kadí©ko","CIV11020102","CIV110201",4
"Mahandougou","CIV05020101","CIV050201",4
"Grand-Bassam","CIV09020203","CIV090202",4
"Guinea","GIN",NA,0
"Nzerekore","GIN008","GIN",1
"Conakry","GIN002","GIN",1
"Kindia","GIN005","GIN",1
"Faranah","GIN003","GIN",1
"Boke","GIN001","GIN",1
"Kankan","GIN004","GIN",1
"Mamou","GIN007","GIN",1
"Labe","GIN006","GIN",1
"Yomou","GIN008006","GIN008",2
"Nzerekore","GIN008005","GIN008",2
"Lola","GIN008003","GIN008",2
"Gueckedou","GIN008002","GIN008",2
"Macenta","GIN008004","GIN008",2
"Beyla","GIN008001","GIN008",2
"Kissidougou","GIN003004","GIN003",2
"Forecariah","GIN005003","GIN005",2
"Conakry","GIN002001","GIN002",2
"Kerouane","GIN004002","GIN004",2
"Dubreka","GIN005002","GIN005",2
"Faranah","GIN003003","GIN003",2
"Coyah","GIN005001","GIN005",2
"Boffa","GIN001001","GIN001",2
"Mamou","GIN007002","GIN007",2
"Kindia","GIN005005","GIN005",2
"Fria","GIN005004","GIN005",2
"Boke","GIN001002","GIN001",2
"Kankan","GIN004001","GIN004",2
"Dabola","GIN003001","GIN003",2
"Dalaba","GIN007001","GIN007",2
"Pita","GIN007003","GIN007",2
"Telimele","GIN005006","GIN005",2
"Kouroussa","GIN004003","GIN004",2
"Mandiana","GIN004004","GIN004",2
"Labe","GIN006002","GIN006",2
"Lelouma","GIN006003","GIN006",2
"Tougue","GIN006005","GIN006",2
"Koubia","GIN006001","GIN006",2
"Dinguiraye","GIN003002","GIN003",2
"Gaoual","GIN001003","GIN001",2
"Mali","GIN006004","GIN006",2
"Siguiri","GIN004005","GIN004",2
"Koundara","GIN001004","GIN001",2
"Albadariah","GIN00300401","GIN003004",3
"Allassoyah","GIN00500301","GIN005003",3
"Arfamoussayah","GIN00300101","GIN003001",3
"Babila","GIN00400301","GIN004003",3
"Badi","GIN00500201","GIN005002",3
"Baguinet","GIN00500601","GIN005006",3
"Balaki","GIN00600401","GIN006004",3
"Balandougou","GIN00400101","GIN004001",3
"Balandougouba","GIN00400401","GIN004004",3
"Balato","GIN00400302","GIN004003",3
"Balaya","GIN00600301","GIN006003",3
"Balizia","GIN00800301","GIN008003",3
"Banama","GIN00300402","GIN003004",3
"Banankoro","GIN00400201","GIN004002",3
"Banfele","GIN00400303","GIN004003",3
"Bangouya","GIN00500401","GIN005004",3
"Banguigny","GIN00500602","GIN005006",3
"Banie","GIN00800501","GIN008005",3
"Banko","GIN00300102","GIN003001",3
"Bankon","GIN00400501","GIN004005",3
"Banora","GIN00300201","GIN003002",3
"Bantignel","GIN00700301","GIN007003",3
"Bardou","GIN00300403","GIN003004",3
"Baro","GIN00400304","GIN004003",3
"Bate Nafadji","GIN00400102","GIN004001",3
"Beindou","GIN00300404","GIN003004",3
"Beindou","GIN00300302","GIN003003",3
"Benty","GIN00500302","GIN005003",3
"Beyla Ctre","GIN00800101","GIN008001",3
"Bheeta","GIN00800502","GIN008005",3
"Bignamou","GIN00800503","GIN008005",3
"Binikala","GIN00800302","GIN008003",3
"Bintimodia","GIN00100201","GIN001002",3
"Bissikrima","GIN00300103","GIN003001",3
"Bodie","GIN00700101","GIN007001",3
"Boffa Ctre","GIN00100101","GIN001001",3
"Bofossou","GIN00800303","GIN008003",3
"Boke Ctre","GIN00100202","GIN001002",3
"Bolodou","GIN00800601","GIN008006",3
"Boola","GIN00800102","GIN008001",3
"Bossou","GIN00800201","GIN008002",3
"Boula","GIN00400103","GIN004001",3
"Bouliwel","GIN00700201","GIN007002",3
"Bounouma","GIN00800401","GIN008004",3
"Bourouwal","GIN00500501","GIN005005",3
"Bowe","GIN00800504","GIN008005",3
"Brouwal Tape","GIN00700302","GIN007003",3
"Cissela","GIN00400305","GIN004003",3
"Coyah Ctre","GIN00500101","GIN005001",3
"Dabiss","GIN00100203","GIN001002",3
"Dabola Ctre","GIN00300104","GIN003001",3
"Dalaba Ctre","GIN00700102","GIN007001",3
"Dalein","GIN00600201","GIN006002",3
"Damakania","GIN00500402","GIN005004",3
"Damaro","GIN00400202","GIN004002",3
"Daralabe","GIN00600202","GIN006002",3
"Daramagnaky","GIN00500502","GIN005005",3
"Daro","GIN00800304","GIN008003",3
"Dialakoro","GIN00300202","GIN003002",3
"Dialokoro","GIN00400402","GIN004004",3
"Diaraguerela","GIN00800103","GIN008001",3
"Diari","GIN00600203","GIN006002",3
"Diassodou","GIN00800104","GIN008001",3
"Diatifere","GIN00300203","GIN003002",3
"Diecke","GIN00800505","GIN008005",3
"Dinguiraye Ctre","GIN00300204","GIN003002",3
"Dionfo","GIN00600204","GIN006002",3
"Diontou","GIN00600302","GIN006003",3
"Ditinn","GIN00700103","GIN007001",3
"Dogomet","GIN00300105","GIN003001",3
"Doko","GIN00400502","GIN004005",3
"Donghol Sigon","GIN00600402","GIN006004",3
"Donghol Touma","GIN00700303","GIN007003",3
"Douako","GIN00400306","GIN004003",3
"Dougountouny","GIN00600403","GIN006004",3
"Dounet","GIN00700202","GIN007002",3
"Douprou","GIN00100102","GIN001001",3
"Doura","GIN00400307","GIN004003",3
"Dubreka Ctre","GIN00500202","GIN005002",3
"Fafaya","GIN00600101","GIN006001",3
"Falessade","GIN00500203","GIN005002",3
"Fangamadou","GIN00800602","GIN008006",3
"Faralako","GIN00400403","GIN004004",3
"Faranah Ctre","GIN00300303","GIN003003",3
"Farmoriah","GIN00500303","GIN005003",3
"Fassankoni","GIN00800305","GIN008003",3
"Fatako","GIN00600501","GIN006005",3
"Fello Koundoua","GIN00600502","GIN006005",3
"Fermessadou","GIN00300405","GIN003004",3
"Firawa","GIN00300406","GIN003004",3
"Forecariah Ctre","GIN00500304","GIN005003",3
"Fouala","GIN00800105","GIN008001",3
"Fougou","GIN00600404","GIN006004",3
"Foulamory","GIN00100301","GIN001003",3
"Foumbadou","GIN00800202","GIN008002",3
"Franwalia","GIN00400503","GIN004005",3
"Fria Ctre","GIN00500603","GIN005006",3
"Friguiagbe","GIN00500403","GIN005004",3
"Gadha Woundou","GIN00600102","GIN006001",3
"Gagnakaly","GIN00300205","GIN003002",3
"Gama Berema","GIN00800203","GIN008002",3
"Gaoual Ctre","GIN00100302","GIN001003",3
"Garambe","GIN00600205","GIN006002",3
"Gayah","GIN00600405","GIN006004",3
"Gbakedou","GIN00800106","GIN008001",3
"Gbangbadou","GIN00300407","GIN003004",3
"Gberedou Baranama","GIN00400104","GIN004001",3
"Gbessoba","GIN00800107","GIN008001",3
"Gnaleah","GIN00300304","GIN003003",3
"Gongoret","GIN00700304","GIN007003",3
"Gongoret","GIN00700203","GIN007002",3
"Gouecke","GIN00800402","GIN008004",3
"Gougoudje","GIN00500503","GIN005005",3
"Gueasso","GIN00800204","GIN008002",3
"Gueckedou Ctre","GIN00800603","GIN008006",3
"Guendembou","GIN00800604","GIN008006",3
"Guinguan","GIN00100401","GIN001004",3
"Hafia","GIN00600206","GIN006002",3
"Heremakono","GIN00300305","GIN003003",3
"Herico","GIN00600303","GIN006003",3
"Hidayatou","GIN00600406","GIN006004",3
"Kaala","GIN00700104","GIN007001",3
"Kaalan","GIN00600207","GIN006002",3
"Kaback","GIN00500305","GIN005003",3
"Kakony","GIN00100303","GIN001003",3
"Kakossa","GIN00500306","GIN005003",3
"Kaliah","GIN00500307","GIN005003",3
"Kalinko","GIN00300206","GIN003002",3
"Kamabi","GIN00100402","GIN001004",3
"Kamsar","GIN00100204","GIN001002",3
"Kankalabe","GIN00700105","GIN007001",3
"Kankama","GIN00300106","GIN003001",3
"Kankan Ctre","GIN00400105","GIN004001",3
"Kansangui","GIN00600503","GIN006005",3
"Kantoumanina","GIN00400404","GIN004004",3
"Karala","GIN00800108","GIN008001",3
"Karifamoriah","GIN00400106","GIN004001",3
"Kassadou","GIN00800605","GIN008006",3
"Kebali","GIN00700106","GIN007001",3
"Kegneko","GIN00700204","GIN007002",3
"Kerouane Ctre","GIN00400203","GIN004002",3
"Khorira","GIN00500204","GIN005002",3
"Kindia Ctre","GIN00500404","GIN005004",3
"Kindoye","GIN00300107","GIN003001",3
"Kiniebakoura","GIN00400504","GIN004005",3
"Kinieran","GIN00400405","GIN004004",3
"Kiniero","GIN00400308","GIN004003",3
"Kintinian","GIN00400505","GIN004005",3
"Kissidougou Ctre","GIN00300408","GIN003004",3
"Koba","GIN00700107","GIN007001",3
"Koba","GIN00500504","GIN005005",3
"Koba Tatema","GIN00100103","GIN001001",3
"Kobela","GIN00800403","GIN008004",3
"Kobikoro","GIN00300306","GIN003003",3
"Koin","GIN00600504","GIN006005",3
"Kokota","GIN00800205","GIN008002",3
"Kolaboui","GIN00100206","GIN001002",3
"Kolangui","GIN00600505","GIN006005",3
"Kolente","GIN00500405","GIN005004",3
"Kolia","GIN00100104","GIN001001",3
"Kollet","GIN00500505","GIN005005",3
"Kolet","GIN00600506","GIN006005",3
"Komodou","GIN00400204","GIN004002",3
"Komola Khoura","GIN00400309","GIN004003",3
"Konah","GIN00600507","GIN006005",3
"Kondiadou","GIN00300409","GIN003004",3
"Konendou","GIN00300108","GIN003001",3
"Konsankoro","GIN00400205","GIN004002",3
"Konsotami","GIN00500506","GIN005005",3
"Korbe","GIN00600304","GIN006003",3
"Koropara","GIN00800404","GIN008004",3
"Kouankan","GIN00800306","GIN008003",3
"Koubia Ctre","GIN00600103","GIN006001",3
"Koule","GIN00800405","GIN008004",3
"Koumana","GIN00400310","GIN004003",3
"Koumandou","GIN00800109","GIN008001",3
"Koumban","GIN00400107","GIN004001",3
"Koumbia","GIN00100304","GIN001003",3
"Koundara Ctre","GIN00100403","GIN001004",3
"Koundian","GIN00400406","GIN004004",3
"Koundianakoro","GIN00400407","GIN004004",3
"Koundou","GIN00800606","GIN008006",3
"Kounkoure","GIN00700205","GIN007002",3
"Kounsitel","GIN00100305","GIN001003",3
"Kouramangui","GIN00600208","GIN006002",3
"Kouratongo","GIN00600508","GIN006005",3
"Kouria","GIN00500102","GIN005001",3
"Kouroussa Ctre","GIN00400311","GIN004003",3
"Koyamah","GIN00800307","GIN008003",3
"Labe Ctre","GIN00600209","GIN006002",3
"Lafou","GIN00600305","GIN006003",3
"Laine","GIN00800206","GIN008002",3
"Lansanaya","GIN00300207","GIN003002",3
"Lebekeren","GIN00600407","GIN006004",3
"Lelouma Ctre","GIN00600306","GIN006003",3
"Ley Miro","GIN00700305","GIN007003",3
"Linko","GIN00400206","GIN004002",3
"Linsan Saran","GIN00600307","GIN006003",3
"Lisso","GIN00100105","GIN001001",3
"Lola Ctre","GIN00800207","GIN008002",3
"Macenta Ctre","GIN00800308","GIN008003",3
"Maci","GIN00700306","GIN007003",3
"Madina Oula","GIN00500406","GIN005004",3
"Madina Wora","GIN00600408","GIN006004",3
"Mafara","GIN00700108","GIN007001",3
"Maferinya","GIN00500308","GIN005003",3
"Malanta","GIN00100306","GIN001003",3
"Malapouya","GIN00100207","GIN001002",3
"Malea","GIN00400506","GIN004005",3
"Mali Ctre","GIN00600409","GIN006004",3
"Mambia","GIN00500407","GIN005004",3
"Mamou Ctre","GIN00700206","GIN007002",3
"Mamouroudou","GIN00400108","GIN004001",3
"Manda","GIN00600308","GIN006003",3
"Mandiana Ctre","GIN00400408","GIN004004",3
"Maneah","GIN00500103","GIN005001",3
"Manfran","GIN00300410","GIN003004",3
"Mankountan","GIN00100106","GIN001001",3
"Marella","GIN00300307","GIN003003",3
"Matakaou","GIN00600104","GIN006001",3
"Missamana","GIN00400109","GIN004001",3
"Missira","GIN00600105","GIN006001",3
"Missira","GIN00500507","GIN005005",3
"Mitty","GIN00700109","GIN007001",3
"Molota","GIN00500408","GIN005004",3
"Mombeyah","GIN00700110","GIN007001",3
"Moribayah","GIN00400110","GIN004001",3
"Morodou","GIN00400409","GIN004004",3
"Moussadou","GIN00800110","GIN008001",3
"Moussayah","GIN00500309","GIN005003",3
"Ndema","GIN00300109","GIN003001",3
"Nzebela","GIN00800309","GIN008003",3
"Nzerekore Ctre","GIN00800406","GIN008004",3
"Nzoo","GIN00800208","GIN008002",3
"Naboun","GIN00400507","GIN004005",3
"Niagassola","GIN00400508","GIN004005",3
"Niandankoro","GIN00400509","GIN004005",3
"Niantanina","GIN00400410","GIN004004",3
"Ninguelande","GIN00700307","GIN007003",3
"Nionsomoridou","GIN00800111","GIN008001",3
"Nongoa","GIN00800607","GIN008006",3
"Norassoba","GIN00400510","GIN004005",3
"Noussy","GIN00600210","GIN006002",3
"Nyagara","GIN00700207","GIN007002",3
"Ouassou","GIN00500205","GIN005002",3
"Ouende Kenema","GIN00800608","GIN008006",3
"Oure Kaba","GIN00700208","GIN007002",3
"Ouremai","GIN00800310","GIN008003",3
"Pale","GIN00800407","GIN008004",3
"Panziazou","GIN00800311","GIN008003",3
"Parawol","GIN00600309","GIN006003",3
"Passaya","GIN00300308","GIN003003",3
"Pela","GIN00800506","GIN008005",3
"Pilimini","GIN00600106","GIN006001",3
"Pita Ctre","GIN00700308","GIN007003",3
"Popodara","GIN00600211","GIN006002",3
"Poredaka","GIN00700209","GIN007002",3
"Sabadou Baranama","GIN00400111","GIN004001",3
"Sagale","GIN00600310","GIN006003",3
"Sakourala","GIN00800112","GIN008001",3
"Saladou","GIN00400411","GIN004004",3
"Salambande","GIN00600410","GIN006004",3
"Samana","GIN00800113","GIN008001",3
"Samaya","GIN00500409","GIN005004",3
"Sambailo","GIN00100404","GIN001004",3
"Samoe","GIN00800408","GIN008004",3
"Sandenia","GIN00300309","GIN003003",3
"Sangardo","GIN00300411","GIN003004",3
"Sangareah","GIN00700309","GIN007003",3
"Sangaredi","GIN00100208","GIN001002",3
"Sanguiana","GIN00400312","GIN004003",3
"Sannou","GIN00600212","GIN006002",3
"Sansale","GIN00100209","GIN001002",3
"Sansando","GIN00400412","GIN004004",3
"Santou","GIN00500508","GIN005005",3
"Saramoussaya","GIN00700210","GIN007002",3
"Sareboido","GIN00100405","GIN001004",3
"Sarekali","GIN00500509","GIN005005",3
"Selouma","GIN00300208","GIN003002",3
"Sengbedou","GIN00800312","GIN008003",3
"Seredou","GIN00800313","GIN008003",3
"Sibiribaro","GIN00400207","GIN004002",3
"Siguiri Ctre","GIN00400511","GIN004005",3
"Siguirini","GIN00400512","GIN004005",3
"Sikhourou","GIN00500310","GIN005003",3
"Sinko","GIN00800114","GIN008001",3
"Sinta","GIN00500510","GIN005005",3
"Sintali","GIN00700310","GIN007003",3
"Sogolon","GIN00500511","GIN005005",3
"Songoyah","GIN00300310","GIN003003",3
"Soromaya","GIN00400208","GIN004002",3
"Sougueta","GIN00500410","GIN005004",3
"Soulouta","GIN00800409","GIN008004",3
"Soyah","GIN00700211","GIN007002",3
"Tamita","GIN00100107","GIN001001",3
"Tanene","GIN00500210","GIN005002",3
"Tanene","GIN00100210","GIN001002",3
"Tangali","GIN00600509","GIN006005",3
"Tarihoye","GIN00500512","GIN005005",3
"Teguereyah","GIN00700212","GIN007002",3
"Tekoulo","GIN00800609","GIN008006",3
"Telimele Ctre","GIN00500513","GIN005005",3
"Telire","GIN00600411","GIN006004",3
"Termassadou","GIN00800610","GIN008006",3
"Termesse","GIN00100406","GIN001004",3
"Thionthian","GIN00500514","GIN005005",3
"Tianguel Bori","GIN00600311","GIN006003",3
"Timbi Madina","GIN00700311","GIN007003",3
"Timbi Touni","GIN00700312","GIN007003",3
"Timbo","GIN00700213","GIN007002",3
"Tinti Oulen","GIN00400112","GIN004001",3
"Tiro","GIN00300311","GIN003003",3
"Tokounou","GIN00400113","GIN004001",3
"Tolo","GIN00700214","GIN007002",3
"Tondon","GIN00500207","GIN005002",3
"Tormelin","GIN00500604","GIN005006",3
"Touba","GIN00600412","GIN006004",3
"Touba","GIN00100307","GIN001003",3
"Tougnifily","GIN00100108","GIN001001",3
"Tougue Ctre","GIN00600510","GIN006005",3
"Tounkarata","GIN00800209","GIN008002",3
"Tountourou","GIN00600213","GIN006002",3
"Vasseredou","GIN00800314","GIN008003",3
"Watanka","GIN00800315","GIN008003",3
"Wendou Mbour","GIN00100308","GIN001003",3
"Womey","GIN00800410","GIN008004",3
"Wonkifong","GIN00500104","GIN005001",3
"Yalenzou","GIN00800411","GIN008004",3
"Yende Millimou","GIN00300412","GIN003004",3
"Yimbering","GIN00600413","GIN006004",3
"Yombiro","GIN00300413","GIN003004",3
"Yomou Ctre","GIN00800507","GIN008005",3
"Youkounkoun","GIN00100407","GIN001004",3
"Kanfarande","GIN00100205","GIN001002",3
"Dixinn","GIN00200101","GIN002001",3
"Kaloum","GIN00200102","GIN002001",3
"Matam","GIN00200103","GIN002001",3
"Ratoma","GIN00200105","GIN002001",3
"Matoto","GIN00200104","GIN002001",3
"Banian","GIN00300301","GIN003003",3
"Bomi","LBR03","LBR",1
"Bong","LBR06","LBR",1
"Grand Bassa","LBR09","LBR",1
"Grand Cape Mount","LBR12","LBR",1
"Grand Gedeh","LBR15","LBR",1
"River Cess","LBR18","LBR",1
"Margibi","LBR24","LBR",1
"Maryland","LBR27","LBR",1
"Nimba","LBR33","LBR",1
"Sinoe","LBR39","LBR",1
"Gbarpolu","LBR45","LBR",1
"Lofa","LBR21","LBR",1
"Montserrado","LBR03","LBR",1
"River Gee","LBR36","LBR",1
"Grand Kru","LBR18","LBR",1
"B'hai","LBR0601","LBR06",2
"Barclayville","LBR0701","LBR07",2
"Beawor","LBR1401","LBR14",2
"Belleh","LBR0301","LBR03",2
"Bleebo","LBR0702","LBR07",2
"Bodae","LBR1501","LBR15",2
"Boe and Quilla","LBR1201","LBR12",2
"Boinsen","LBR0201","LBR02",2
"Bokomu","LBR0302","LBR03",2
"Bokon","LBR1502","LBR15",2
"Bolloh","LBR0703","LBR07",2
"Bopolu","LBR0303","LBR03",2
"Buah","LBR0704","LBR07",2
"Butaw","LBR1503","LBR15",2
"Buu-Yao","LBR1202","LBR12",2
"Careysburg","LBR1101","LBR11",2
"Cavala","LBR0602","LBR06",2
"Central Rivercess","LBR1402","LBR14",2
"Chedepo","LBR1301","LBR13",2
"Commonwealth","LBR1102","LBR11",2
"Commonwealth B","LBR0401","LBR04",2
"Commonwealth C","LBR0501","LBR05",2
"District No. 1","LBR0402","LBR04",2
"District No. 2","LBR0403","LBR04",2
"District No. 3","LBR0404","LBR04",2
"District No. 4","LBR0405","LBR04",2
"Doe","LBR1203","LBR12",2
"Doedain","LBR1403","LBR14",2
"Dorbor","LBR0705","LBR07",2
"Dowein","LBR0101","LBR01",2
"Dugbe River","LBR1504","LBR15",2
"Dweh","LBR0706","LBR07",2
"Felo-Jekwi","LBR0707","LBR07",2
"Fen River","LBR1404","LBR14",2
"Fenetoe","LBR0708","LBR07",2
"Firestone","LBR0901","LBR09",2
"Forpoh","LBR0709","LBR07",2
"Foya","LBR0801","LBR08",2
"Fuamah","LBR0202","LBR02",2
"Garr-Bain","LBR1204","LBR12",2
"Garraway","LBR0710","LBR07",2
"Garwula","LBR0502","LBR05",2
"Gbao","LBR0603","LBR06",2
"Gbarma","LBR0304","LBR03",2
"Gbeapo","LBR1302","LBR13",2
"Gbehlay-Geh","LBR1205","LBR12",2
"Gbi & Doru","LBR1206","LBR12",2
"Gboe-Ploe","LBR0604","LBR06",2
"Gbor","LBR1207","LBR12",2
"Gee","LBR0711","LBR07",2
"Gibi","LBR0902","LBR09",2
"Glaro","LBR1303","LBR13",2
"Glio-Twarbo","LBR0605","LBR06",2
"Golakonneh","LBR0503","LBR05",2
"Gounwolaila","LBR0305","LBR03",2
"Grand Cess Wedabo","LBR0712","LBR07",2
"Greater Monrovia","LBR1103","LBR11",2
"Greenville","LBR1505","LBR15",2
"Gwelekpoken","LBR1001","LBR10",2
"Harper","LBR1002","LBR10",2
"Jaedae","LBR1506","LBR15",2
"Jeadepo","LBR1507","LBR15",2
"Jo River","LBR1405","LBR14",2
"Jorquelleh","LBR0203","LBR02",2
"Juarzon","LBR1508","LBR15",2
"Kakata","LBR0903","LBR09",2
"Karluway No. 1","LBR1003","LBR10",2
"Karluway No. 2","LBR1004","LBR10",2
"Klay","LBR0102","LBR01",2
"Kokoyah","LBR0204","LBR02",2
"Kolahun","LBR0802","LBR08",2
"Konobo","LBR0606","LBR06",2
"Kpaai","LBR0205","LBR02",2
"Kparblee","LBR1208","LBR12",2
"Kpayan","LBR1509","LBR15",2
"Kpi","LBR0713","LBR07",2
"Kulu Shaw Boe","LBR1510","LBR15",2
"Leewehpea-Mahn","LBR1209","LBR12",2
"Lower Jloh","LBR0714","LBR07",2
"Mambah Kaba","LBR0904","LBR09",2
"Meinpea-Mahn","LBR1210","LBR12",2
"Nanee","LBR1305","LBR13",2
"Neekreen","LBR0406","LBR04",2
"Norwein","LBR1406","LBR14",2
"Nrokwia-Wesldow","LBR0715","LBR07",2
"Nyenawliken","LBR1306","LBR13",2
"Nyenebo","LBR1307","LBR13",2
"Nyorken","LBR1005","LBR10",2
"Owensgrove","LBR0407","LBR04",2
"Panta","LBR0206","LBR02",2
"Plahn Nyarn","LBR1511","LBR15",2
"Pleebo/Sodoken","LBR1006","LBR10",2
"Porkpa","LBR0504","LBR05",2
"Putu","LBR0607","LBR06",2
"Pynes Town","LBR1512","LBR15",2
"Quardu Boundi","LBR0803","LBR08",2
"Salala","LBR0207","LBR02",2
"Salayea","LBR0804","LBR08",2
"Sam Gbalor","LBR1407","LBR14",2
"Sanniquellie Mahn","LBR1211","LBR12",2
"Sanoyeah","LBR0208","LBR02",2
"Sanquin Dist No. 1","LBR1513","LBR15",2
"Sanquin Dist No. 3","LBR1514","LBR15",2
"Sanquin Dist No.2","LBR1515","LBR15",2
"Sarbo","LBR1309","LBR13",2
"Seekon","LBR1516","LBR15",2
"Senjeh","LBR0103","LBR01",2
"St. John River City","LBR0408","LBR04",2
"St. Paul River","LBR1104","LBR11",2
"Suakoko","LBR0209","LBR02",2
"Suehn Mecca","LBR0104","LBR01",2
"Tchien","LBR0608","LBR06",2
"Tewor","LBR0505","LBR05",2
"Todee","LBR1105","LBR11",2
"Trenbo","LBR0716","LBR07",2
"Tukpahblee","LBR0210","LBR02",2
"Tuobo","LBR1310","LBR13",2
"Twan River","LBR1212","LBR12",2
"Upper Jloh","LBR0717","LBR07",2
"Vahun","LBR0805","LBR08",2
"Voinjama","LBR0806","LBR08",2
"Wedjah","LBR1517","LBR15",2
"Wee-Gbehyi-Mahn","LBR1213","LBR12",2
"Whojah","LBR1007","LBR10",2
"Wlogba","LBR0718","LBR07",2
"Yarmein","LBR1214","LBR12",2
"Yarpea Mahn","LBR1215","LBR12",2
"Yarwein Mehnsonnoh","LBR1216","LBR12",2
"Yeallequelleh","LBR0211","LBR02",2
"Zarflahn","LBR1408","LBR14",2
"Zoe-Gbao","LBR1217","LBR12",2
"Zorzor","LBR0807","LBR08",2
"Zota","LBR0212","LBR02",2
"Kongba","LBR0306","LBR03",2
"Karforh","LBR1304","LBR13",2
"Potupo","LBR1308","LBR13",2
"Abia","NGA001","NGA",1
"Adamawa","NGA002","NGA",1
"Akwa lbom","NGA003","NGA",1
"Anambra","NGA004","NGA",1
"Bauchi","NGA005","NGA",1
"Bayelsa","NGA006","NGA",1
"Benue","NGA007","NGA",1
"Borno","NGA008","NGA",1
"Cross River","NGA009","NGA",1
"Delta","NGA010","NGA",1
"Ebonyi","NGA011","NGA",1
"Edo","NGA012","NGA",1
"Ekiti","NGA013","NGA",1
"Enugu","NGA014","NGA",1
"Federal Capital Territory","NGA015","NGA",1
"Gombe","NGA016","NGA",1
"Imo","NGA017","NGA",1
"Jigawa","NGA018","NGA",1
"Kaduna","NGA019","NGA",1
"Kano","NGA020","NGA",1
"Katsina","NGA021","NGA",1
"Kebbi","NGA022","NGA",1
"Kogi","NGA023","NGA",1
"Kwara","NGA024","NGA",1
"Lagos","NGA025","NGA",1
"Nasarawa","NGA026","NGA",1
"Niger","NGA027","NGA",1
"Ogun","NGA028","NGA",1
"Ondo","NGA029","NGA",1
"Osun","NGA030","NGA",1
"Oyo","NGA031","NGA",1
"Plateau","NGA032","NGA",1
"Rivers","NGA033","NGA",1
"Sokoto","NGA034","NGA",1
"Taraba","NGA035","NGA",1
"Yobe","NGA036","NGA",1
"Zamfara","NGA037","NGA",1
"Aba North","NGA001001","NGA001",2
"Aba South","NGA001002","NGA001",2
"Arochukwu","NGA001003","NGA001",2
"Bende","NGA001004","NGA001",2
"Ikwuano","NGA001005","NGA001",2
"Isiala-Ngwa North","NGA001006","NGA001",2
"Isiala-Ngwa South","NGA001007","NGA001",2
"Isuikwato","NGA001008","NGA001",2
"Obi Nwa","NGA001009","NGA001",2
"Ohafia","NGA001010","NGA001",2
"Osisioma Ngwa","NGA001011","NGA001",2
"Ugwunagbo","NGA001012","NGA001",2
"Ukwa East","NGA001013","NGA001",2
"Ukwa West","NGA001014","NGA001",2
"Umu-Neochi","NGA001017","NGA001",2
"Umuahia North","NGA001015","NGA001",2
"Umuahia South","NGA001016","NGA001",2
"Demsa","NGA002001","NGA002",2
"Gireri","NGA002004","NGA002",2
"Gombi","NGA002005","NGA002",2
"Guyuk","NGA002006","NGA002",2
"Hong","NGA002007","NGA002",2
"Lamurde","NGA002009","NGA002",2
"Mayo-Belwa","NGA002012","NGA002",2
"Numan","NGA002016","NGA002",2
"Shelleng","NGA002017","NGA002",2
"Song","NGA002018","NGA002",2
"Yola North","NGA002020","NGA002",2
"Yola South","NGA002021","NGA002",2
"Abak","NGA003001","NGA003",2
"Eket","NGA003003","NGA003",2
"Esit Eket","NGA003004","NGA003",2
"Essien Udim","NGA003005","NGA003",2
"Etim Ekpo","NGA003006","NGA003",2
"Etinan","NGA003007","NGA003",2
"Ibesikpo Asutan","NGA003009","NGA003",2
"Ibiono Ibom","NGA003010","NGA003",2
"Ika","NGA003011","NGA003",2
"Ikono","NGA003012","NGA003",2
"Ikot Abasi","NGA003013","NGA003",2
"Ikot Ekpene","NGA003014","NGA003",2
"Ini","NGA003015","NGA003",2
"Itu","NGA003016","NGA003",2
"Mkpat Enin","NGA003018","NGA003",2
"Nsit Atai","NGA003019","NGA003",2
"Nsit Ibom","NGA003020","NGA003",2
"Nsit Ubium","NGA003021","NGA003",2
"Obot Akara","NGA003022","NGA003",2
"Okobo","NGA003023","NGA003",2
"Onna","NGA003024","NGA003",2
"Oruk Anam","NGA003026","NGA003",2
"Ukanafun","NGA003028","NGA003",2
"Uruan","NGA003029","NGA003",2
"Urue-Offong/Oruko","NGA003030","NGA003",2
"Uyo","NGA003031","NGA003",2
"Aguata","NGA004001","NGA004",2
"Anambra East","NGA004002","NGA004",2
"Anambra West","NGA004003","NGA004",2
"Anaocha","NGA004004","NGA004",2
"Awka North","NGA004005","NGA004",2
"Awka South","NGA004006","NGA004",2
"Ayamelum","NGA004007","NGA004",2
"Dunukofia","NGA004008","NGA004",2
"Ekwusigo","NGA004009","NGA004",2
"Idemili North","NGA004010","NGA004",2
"Idemili South","NGA004011","NGA004",2
"Ihiala","NGA004012","NGA004",2
"Njikoka","NGA004013","NGA004",2
"Nnewi North","NGA004014","NGA004",2
"Nnewi South","NGA004015","NGA004",2
"Ogbaru","NGA004016","NGA004",2
"Onitsha North","NGA004017","NGA004",2
"Onitsha South","NGA004018","NGA004",2
"Orumba North","NGA004019","NGA004",2
"Orumba South","NGA004020","NGA004",2
"Oyi","NGA004021","NGA004",2
"Alkaleri","NGA005001","NGA005",2
"Bauchi","NGA005002","NGA005",2
"Bogoro","NGA005003","NGA005",2
"Damban","NGA005004","NGA005",2
"Darazo","NGA005005","NGA005",2
"Dass","NGA005006","NGA005",2
"Gamawa","NGA005007","NGA005",2
"Ganjuwa","NGA005008","NGA005",2
"Giade","NGA005009","NGA005",2
"Itas/Gadau","NGA005010","NGA005",2
"Jama'are","NGA005011","NGA005",2
"Katagum","NGA005012","NGA005",2
"Kirfi","NGA005013","NGA005",2
"Misau","NGA005014","NGA005",2
"Ningi","NGA005015","NGA005",2
"Shira","NGA005016","NGA005",2
"Tafawa-Balewa","NGA005017","NGA005",2
"Toro","NGA005018","NGA005",2
"Warji","NGA005019","NGA005",2
"Zaki","NGA005020","NGA005",2
"Kolokuma/Opokuma","NGA006003","NGA006",2
"Nembe","NGA006004","NGA006",2
"Ogbia","NGA006005","NGA006",2
"Sagbama","NGA006006","NGA006",2
"Yenegoa","NGA006008","NGA006",2
"Ado","NGA007001","NGA007",2
"Agatu","NGA007002","NGA007",2
"Apa","NGA007003","NGA007",2
"Buruku","NGA007004","NGA007",2
"Gboko","NGA007005","NGA007",2
"Guma","NGA007006","NGA007",2
"Gwer East","NGA007007","NGA007",2
"Gwer West","NGA007008","NGA007",2
"Katsina-Ala","NGA007009","NGA007",2
"Konshisha","NGA007010","NGA007",2
"Logo","NGA007012","NGA007",2
"Makurdi","NGA007013","NGA007",2
"Obi","NGA007014","NGA007",2
"Ogbadibo","NGA007015","NGA007",2
"Ohimini","NGA007016","NGA007",2
"Oju","NGA007017","NGA007",2
"Okpokwu","NGA007018","NGA007",2
"Oturkpo","NGA007019","NGA007",2
"Tarka","NGA007020","NGA007",2
"Ukum","NGA007021","NGA007",2
"Ushongo","NGA007022","NGA007",2
"Vandeikya","NGA007023","NGA007",2
"Askira/Uba","NGA008002","NGA008",2
"Bayo","NGA008004","NGA008",2
"Biu","NGA008005","NGA008",2
"Chibok","NGA008006","NGA008",2
"Damboa","NGA008007","NGA008",2
"Dikwa","NGA008008","NGA008",2
"Gubio","NGA008009","NGA008",2
"Guzamala","NGA008010","NGA008",2
"Hawul","NGA008012","NGA008",2
"Jere","NGA008013","NGA008",2
"Kaga","NGA008014","NGA008",2
"Konduga","NGA008016","NGA008",2
"Kwaya Kusar","NGA008018","NGA008",2
"Mafa","NGA008019","NGA008",2
"Magumeri","NGA008020","NGA008",2
"Maiduguri","NGA008021","NGA008",2
"Marte","NGA008022","NGA008",2
"Nganzai","NGA008026","NGA008",2
"Shani","NGA008027","NGA008",2
"Abi","NGA009001","NGA009",2
"Bekwara","NGA009005","NGA009",2
"Biase","NGA009006","NGA009",2
"Calabar-Municipal","NGA009009","NGA009",2
"Ikom","NGA009011","NGA009",2
"Obubra","NGA009013","NGA009",2
"Obudu","NGA009014","NGA009",2
"Odukpani","NGA009015","NGA009",2
"Ogoja","NGA009016","NGA009",2
"Yakurr","NGA009017","NGA009",2
"Yala","NGA009018","NGA009",2
"Aniocha North","NGA010001","NGA010",2
"Aniocha South","NGA010002","NGA010",2
"Bomadi","NGA010003","NGA010",2
"Ethiope East","NGA010005","NGA010",2
"Ethiope West","NGA010006","NGA010",2
"Ika North East","NGA010007","NGA010",2
"Ika South","NGA010008","NGA010",2
"Isoko North","NGA010009","NGA010",2
"Isoko South","NGA010010","NGA010",2
"Ndokwa East","NGA010011","NGA010",2
"Ndokwa West","NGA010012","NGA010",2
"Okpe","NGA010013","NGA010",2
"Oshimili North","NGA010014","NGA010",2
"Oshimili South","NGA010015","NGA010",2
"Patani","NGA010016","NGA010",2
"Sapele","NGA010017","NGA010",2
"Udu","NGA010018","NGA010",2
"Ughelli North","NGA010019","NGA010",2
"Ughelli South","NGA010020","NGA010",2
"Ukwuani","NGA010021","NGA010",2
"Uvwie","NGA010022","NGA010",2
"Warri South","NGA010024","NGA010",2
"Abakaliki","NGA011001","NGA011",2
"Afikpo North","NGA011002","NGA011",2
"Afikpo South","NGA011003","NGA011",2
"Ebonyi","NGA011004","NGA011",2
"Ezza North","NGA011005","NGA011",2
"Ezza South","NGA011006","NGA011",2
"Ikwo","NGA011007","NGA011",2
"Ishielu","NGA011008","NGA011",2
"Ivo","NGA011009","NGA011",2
"Izzi","NGA011010","NGA011",2
"Ohaozara","NGA011011","NGA011",2
"Ohaukwu","NGA011012","NGA011",2
"Onicha","NGA011013","NGA011",2
"Akoko-Edo","NGA012001","NGA012",2
"Egor","NGA012002","NGA012",2
"Esan North East","NGA012004","NGA012",2
"Esan Central","NGA012003","NGA012",2
"Esan South East","NGA012005","NGA012",2
"Esan West","NGA012006","NGA012",2
"Etsako Central","NGA012007","NGA012",2
"Etsako East","NGA012008","NGA012",2
"Etsako West","NGA012009","NGA012",2
"Igueben","NGA012010","NGA012",2
"Ikpoba-Okha","NGA012011","NGA012",2
"Oredo","NGA012012","NGA012",2
"Orhionmwon","NGA012013","NGA012",2
"Ovia North East","NGA012014","NGA012",2
"Ovia South West","NGA012015","NGA012",2
"Owan East","NGA012016","NGA012",2
"Owan West","NGA012017","NGA012",2
"Uhunmwonde","NGA012018","NGA012",2
"Ado Ekiti","NGA013001","NGA013",2
"Efon-Alayee","NGA013003","NGA013",2
"Ekiti East","NGA013004","NGA013",2
"Ekiti South West","NGA013005","NGA013",2
"Ekiti West","NGA013006","NGA013",2
"Emure","NGA013007","NGA013",2
"Gboyin","NGA013002","NGA013",2
"Idosi-Osi","NGA013008","NGA013",2
"Ijero","NGA013009","NGA013",2
"Ikere","NGA013010","NGA013",2
"Ikole","NGA013011","NGA013",2
"Ilemeji","NGA013012","NGA013",2
"Irepodun/Ifelodun","NGA013013","NGA013",2
"Ise/Orun","NGA013014","NGA013",2
"Moba","NGA013015","NGA013",2
"Oye","NGA013016","NGA013",2
"Aninri","NGA014001","NGA014",2
"Awgu","NGA014002","NGA014",2
"Enugu East","NGA014003","NGA014",2
"Enugu North","NGA014004","NGA014",2
"Enugu South","NGA014005","NGA014",2
"Ezeagu","NGA014006","NGA014",2
"Igbo-Etiti","NGA014007","NGA014",2
"Igbo-Eze North","NGA014008","NGA014",2
"Igbo-Eze South","NGA014009","NGA014",2
"Isi-Uzo","NGA014010","NGA014",2
"Nkanu East","NGA014011","NGA014",2
"Nkanu West","NGA014012","NGA014",2
"Nsukka","NGA014013","NGA014",2
"Oji-River","NGA014014","NGA014",2
"Udenu","NGA014015","NGA014",2
"Udi","NGA014016","NGA014",2
"Uzo-Uwani","NGA014017","NGA014",2
"Abaji","NGA015001","NGA015",2
"Bwari","NGA015003","NGA015",2
"Gwagwalada","NGA015004","NGA015",2
"Kuje","NGA015005","NGA015",2
"Kwali","NGA015006","NGA015",2
"Abuja Municipal","NGA015002","NGA015",2
"Akko","NGA016001","NGA016",2
"Balanga","NGA016002","NGA016",2
"Billiri","NGA016003","NGA016",2
"Dukku","NGA016004","NGA016",2
"Funakaye","NGA016005","NGA016",2
"Gombe","NGA016006","NGA016",2
"Kaltungo","NGA016007","NGA016",2
"Kwami","NGA016008","NGA016",2
"Nafada","NGA016009","NGA016",2
"Shomgom","NGA016010","NGA016",2
"Yamaltu/Deba","NGA016011","NGA016",2
"Aboh-Mbaise","NGA017001","NGA017",2
"Ahiazu-Mbaise","NGA017002","NGA017",2
"Ehime-Mbano","NGA017003","NGA017",2
"Ezinihitte","NGA017004","NGA017",2
"Ideato North","NGA017005","NGA017",2
"Ideato South","NGA017006","NGA017",2
"Ihitte/Uboma","NGA017007","NGA017",2
"Ikeduru","NGA017008","NGA017",2
"Isiala Mbano","NGA017009","NGA017",2
"Isu","NGA017010","NGA017",2
"Mbaitoli","NGA017011","NGA017",2
"Ngor-Okpala","NGA017012","NGA017",2
"Njaba","NGA017013","NGA017",2
"Nkwerre","NGA017014","NGA017",2
"Nwangele","NGA017015","NGA017",2
"Obowo","NGA017016","NGA017",2
"Oguta","NGA017017","NGA017",2
"Ohaji/Egbema","NGA017018","NGA017",2
"Okigwe","NGA017019","NGA017",2
"Orlu","NGA017020","NGA017",2
"Orsu","NGA017021","NGA017",2
"Oru East","NGA017022","NGA017",2
"Oru West","NGA017023","NGA017",2
"Owerri-Municipal","NGA017026","NGA017",2
"Owerri North","NGA017024","NGA017",2
"Owerri West","NGA017025","NGA017",2
"Unuimo","NGA017027","NGA017",2
"Auyo","NGA018001","NGA018",2
"Babura","NGA018002","NGA018",2
"Biriniwa","NGA018003","NGA018",2
"Birni Kudu","NGA018004","NGA018",2
"Buji","NGA018005","NGA018",2
"Dutse","NGA018006","NGA018",2
"Gagarawa","NGA018007","NGA018",2
"Garki","NGA018008","NGA018",2
"Gumel","NGA018009","NGA018",2
"Guri","NGA018010","NGA018",2
"Gwaram","NGA018011","NGA018",2
"Gwiwa","NGA018012","NGA018",2
"Hadejia","NGA018013","NGA018",2
"Jahun","NGA018014","NGA018",2
"Kafin Hausa","NGA018015","NGA018",2
"Kaugama","NGA018016","NGA018",2
"Kazaure","NGA018017","NGA018",2
"Kiri Kasamma","NGA018018","NGA018",2
"Malam Madori","NGA018021","NGA018",2
"Miga","NGA018022","NGA018",2
"Ringim","NGA018023","NGA018",2
"Roni","NGA018024","NGA018",2
"Taura","NGA018026","NGA018",2
"Yankwashi","NGA018027","NGA018",2
"kiyawa","NGA018019","NGA018",2
"Birnin-Gwari","NGA019001","NGA019",2
"Chikun","NGA019002","NGA019",2
"Giwa","NGA019003","NGA019",2
"Kajuru","NGA019012","NGA019",2
"Igabi","NGA019004","NGA019",2
"Ikara","NGA019005","NGA019",2
"Jaba","NGA019006","NGA019",2
"Jema'a","NGA019007","NGA019",2
"Kachia","NGA019008","NGA019",2
"Kaduna North","NGA019009","NGA019",2
"Kagarko","NGA019011","NGA019",2
"Kaura","NGA019013","NGA019",2
"Kauru","NGA019014","NGA019",2
"Kubau","NGA019015","NGA019",2
"Kudan","NGA019016","NGA019",2
"Lere","NGA019017","NGA019",2
"Markafi","NGA019018","NGA019",2
"Sabon-Gari","NGA019019","NGA019",2
"Sanga","NGA019020","NGA019",2
"Soba","NGA019021","NGA019",2
"Zango-Kataf","NGA019022","NGA019",2
"Zaria","NGA019023","NGA019",2
"Kaduna South","NGA019010","NGA019",2
"Ajingi","NGA020001","NGA020",2
"Albasu","NGA020002","NGA020",2
"Bagwai","NGA020003","NGA020",2
"Bebeji","NGA020004","NGA020",2
"Bichi","NGA020005","NGA020",2
"Bunkure","NGA020006","NGA020",2
"Dala","NGA020007","NGA020",2
"Dambatta","NGA020008","NGA020",2
"Dawakin Kudu","NGA020009","NGA020",2
"Dawakin Tofa","NGA020010","NGA020",2
"Doguwa","NGA020011","NGA020",2
"Fagge","NGA020012","NGA020",2
"Gabasawa","NGA020013","NGA020",2
"Garko","NGA020014","NGA020",2
"Garum Mallam","NGA020015","NGA020",2
"Gaya","NGA020016","NGA020",2
"Gezawa","NGA020017","NGA020",2
"Gwale","NGA020018","NGA020",2
"Gwarzo","NGA020019","NGA020",2
"Kabo","NGA020020","NGA020",2
"Kano Municipal","NGA020021","NGA020",2
"Karaye","NGA020022","NGA020",2
"Kibiya","NGA020023","NGA020",2
"Kiru","NGA020024","NGA020",2
"Kumbotso","NGA020025","NGA020",2
"Kunchi","NGA020026","NGA020",2
"Kura","NGA020027","NGA020",2
"Madobi","NGA020028","NGA020",2
"Makoda","NGA020029","NGA020",2
"Minjibir","NGA020030","NGA020",2
"Nasarawa","NGA020031","NGA020",2
"Rano","NGA020032","NGA020",2
"Rimin Gado","NGA020033","NGA020",2
"Rogo","NGA020034","NGA020",2
"Shanono","NGA020035","NGA020",2
"Sumaila","NGA020036","NGA020",2
"Takali","NGA020037","NGA020",2
"Tarauni","NGA020038","NGA020",2
"Tofa","NGA020039","NGA020",2
"Tsanyawa","NGA020040","NGA020",2
"Tudun Wada","NGA020041","NGA020",2
"Ungogo","NGA020042","NGA020",2
"Warawa","NGA020043","NGA020",2
"Wudil","NGA020044","NGA020",2
"Bakori","NGA021001","NGA021",2
"Batagarawa","NGA021002","NGA021",2
"Batsari","NGA021003","NGA021",2
"Bindawa","NGA021005","NGA021",2
"Charanchi","NGA021006","NGA021",2
"Dan Musa","NGA021007","NGA021",2
"Dandume","NGA021008","NGA021",2
"Danja","NGA021009","NGA021",2
"Daura","NGA021010","NGA021",2
"Dutsi","NGA021011","NGA021",2
"Dutsin-Ma","NGA021012","NGA021",2
"Faskari","NGA021013","NGA021",2
"Funtua","NGA021014","NGA021",2
"Ingawa","NGA021015","NGA021",2
"Kafur","NGA021017","NGA021",2
"Kankara","NGA021019","NGA021",2
"Kankia","NGA021020","NGA021",2
"Katsina","NGA021021","NGA021",2
"Kurfi","NGA021022","NGA021",2
"Kusada","NGA021023","NGA021",2
"Malumfashi","NGA021025","NGA021",2
"Mani","NGA021026","NGA021",2
"Matazuu","NGA021028","NGA021",2
"Musawa","NGA021029","NGA021",2
"Rimi","NGA021030","NGA021",2
"Sabuwa","NGA021031","NGA021",2
"Safana","NGA021032","NGA021",2
"Sandamu","NGA021033","NGA021",2
"Aleiro","NGA022001","NGA022",2
"Argungu","NGA022003","NGA022",2
"Augie","NGA022004","NGA022",2
"Birnin Kebbi","NGA022006","NGA022",2
"Bunza","NGA022007","NGA022",2
"Fakai","NGA022009","NGA022",2
"Gwandu","NGA022010","NGA022",2
"Jega","NGA022011","NGA022",2
"Kalgo","NGA022012","NGA022",2
"Koko/Besse","NGA022013","NGA022",2
"Maiyama","NGA022014","NGA022",2
"Ngaski","NGA022015","NGA022",2
"Sakaba","NGA022016","NGA022",2
"Shanga","NGA022017","NGA022",2
"Suru","NGA022018","NGA022",2
"Wasagu/Danko","NGA022019","NGA022",2
"Yauri","NGA022020","NGA022",2
"Zuru","NGA022021","NGA022",2
"Adavi","NGA023001","NGA023",2
"Ajaokuta","NGA023002","NGA023",2
"Ankpa","NGA023003","NGA023",2
"Bassa","NGA023004","NGA023",2
"Dekina","NGA023005","NGA023",2
"Ibaji","NGA023006","NGA023",2
"Idah","NGA023007","NGA023",2
"Igalamela-Odolu","NGA023008","NGA023",2
"Ijumu","NGA023009","NGA023",2
"Kabba/Bunu","NGA023010","NGA023",2
"Kogi","NGA023011","NGA023",2
"Lokoja","NGA023012","NGA023",2
"Mopa-Muro","NGA023013","NGA023",2
"Ofu","NGA023014","NGA023",2
"Ogori/Mangongo","NGA023015","NGA023",2
"Okehi","NGA023016","NGA023",2
"Okene","NGA023017","NGA023",2
"Olamabolo","NGA023018","NGA023",2
"Omala","NGA023019","NGA023",2
"Yagba East","NGA023020","NGA023",2
"Yagba West","NGA023021","NGA023",2
"Asa","NGA024001","NGA024",2
"Edu","NGA024003","NGA024",2
"Ekiti","NGA024004","NGA024",2
"Ifelodun","NGA024005","NGA024",2
"Ilorin East","NGA024006","NGA024",2
"Ilorin South","NGA024007","NGA024",2
"Ilorin West","NGA024008","NGA024",2
"Irepodun","NGA024009","NGA024",2
"Isin","NGA024010","NGA024",2
"Kaiama","NGA024011","NGA024",2
"Moro","NGA024012","NGA024",2
"Offa","NGA024013","NGA024",2
"Oke-Ero","NGA024014","NGA024",2
"Oyun","NGA024015","NGA024",2
"Pategi","NGA024016","NGA024",2
"Agege","NGA025001","NGA025",2
"Ajeromi-Ifelodun","NGA025002","NGA025",2
"Alimosho","NGA025003","NGA025",2
"Apapa","NGA025005","NGA025",2
"Epe","NGA025007","NGA025",2
"Ifako-Ijaye","NGA025010","NGA025",2
"Ikeja","NGA025011","NGA025",2
"Mushin","NGA025016","NGA025",2
"Ojo","NGA025017","NGA025",2
"Oshodi-Isolo","NGA025018","NGA025",2
"Surulere","NGA025020","NGA025",2
"Akwanga","NGA026001","NGA026",2
"Awe","NGA026002","NGA026",2
"Doma","NGA026003","NGA026",2
"Karu","NGA026004","NGA026",2
"Keana","NGA026005","NGA026",2
"Keffi","NGA026006","NGA026",2
"Kokona","NGA026007","NGA026",2
"Lafia","NGA026008","NGA026",2
"Nasarawa","NGA026009","NGA026",2
"Nasarawa-Eggon","NGA026010","NGA026",2
"Obi","NGA026011","NGA026",2
"Toto","NGA026012","NGA026",2
"Wamba","NGA026013","NGA026",2
"Agaie","NGA027001","NGA027",2
"Agwara","NGA027002","NGA027",2
"Bida","NGA027003","NGA027",2
"Bosso","NGA027005","NGA027",2
"Chanchaga","NGA027006","NGA027",2
"Edati","NGA027007","NGA027",2
"Gbako","NGA027008","NGA027",2
"Gurara","NGA027009","NGA027",2
"Katcha","NGA027010","NGA027",2
"Kontagora","NGA027011","NGA027",2
"Lapai","NGA027012","NGA027",2
"Lavun","NGA027013","NGA027",2
"Magama","NGA027014","NGA027",2
"Mariga","NGA027015","NGA027",2
"Mashegu","NGA027016","NGA027",2
"Mokwa","NGA027017","NGA027",2
"Muya","NGA027018","NGA027",2
"Pailoro","NGA027019","NGA027",2
"Rafi","NGA027020","NGA027",2
"Rijau","NGA027021","NGA027",2
"Shiroro","NGA027022","NGA027",2
"Suleja","NGA027023","NGA027",2
"Tafa","NGA027024","NGA027",2
"Wushishi","NGA027025","NGA027",2
"Abeokuta North","NGA028001","NGA028",2
"Abeokuta South","NGA028002","NGA028",2
"Ado-Odo/Ota","NGA028003","NGA028",2
"Egbado South","NGA028005","NGA028",2
"Ewekoro","NGA028006","NGA028",2
"Ifo","NGA028007","NGA028",2
"Ijebu East","NGA028008","NGA028",2
"Ijebu North","NGA028009","NGA028",2
"Ijebu North East","NGA028010","NGA028",2
"Ijebu ode","NGA028011","NGA028",2
"Ikenne","NGA028012","NGA028",2
"Obafemi-Owode","NGA028015","NGA028",2
"Odeda","NGA028016","NGA028",2
"Odogbolu","NGA028017","NGA028",2
"Ogun waterside","NGA028018","NGA028",2
"Remo North","NGA028019","NGA028",2
"Shagamu","NGA028020","NGA028",2
"Akoko North East","NGA029001","NGA029",2
"Akoko North West","NGA029002","NGA029",2
"Akoko South East","NGA029003","NGA029",2
"Akoko South West","NGA029004","NGA029",2
"Akure North","NGA029005","NGA029",2
"Akure South","NGA029006","NGA029",2
"Ese-Odo","NGA029007","NGA029",2
"Idanre","NGA029008","NGA029",2
"Ifedore","NGA029009","NGA029",2
"Ile-Oluji-Okeigbo","NGA029011","NGA029",2
"Irele","NGA029012","NGA029",2
"Odigbo","NGA029013","NGA029",2
"Okitipupa","NGA029014","NGA029",2
"Ondo East","NGA029015","NGA029",2
"Ondo West","NGA029016","NGA029",2
"Ose","NGA029017","NGA029",2
"Owo","NGA029018","NGA029",2
"Aiyedade","NGA030001","NGA030",2
"Aiyedire","NGA030002","NGA030",2
"Atakumosa East","NGA030003","NGA030",2
"Atakumosa West","NGA030004","NGA030",2
"Boluwaduro","NGA030005","NGA030",2
"Boripe","NGA030006","NGA030",2
"Ede North","NGA030007","NGA030",2
"Ede South","NGA030008","NGA030",2
"Egbedore","NGA030009","NGA030",2
"Ejigbo","NGA030010","NGA030",2
"Ife Central","NGA030011","NGA030",2
"Ife East","NGA030012","NGA030",2
"Ife North","NGA030013","NGA030",2
"Ife South","NGA030014","NGA030",2
"Ifedayo","NGA030015","NGA030",2
"Ifelodun","NGA030016","NGA030",2
"Ila","NGA030017","NGA030",2
"Ilesha East","NGA030018","NGA030",2
"Ilesha West","NGA030019","NGA030",2
"Irepodun","NGA030020","NGA030",2
"Irewole","NGA030021","NGA030",2
"Isokan","NGA030022","NGA030",2
"Iwo","NGA030023","NGA030",2
"Obokun","NGA030024","NGA030",2
"Odo-Otin","NGA030025","NGA030",2
"Ola-oluwa","NGA030026","NGA030",2
"Olorunda","NGA030027","NGA030",2
"Oriade","NGA030028","NGA030",2
"Orolu","NGA030029","NGA030",2
"Osogbo","NGA030030","NGA030",2
"Afijio","NGA031001","NGA031",2
"Akinyele","NGA031002","NGA031",2
"Atiba","NGA031003","NGA031",2
"Egbeda","NGA031005","NGA031",2
"Ibadan North","NGA031006","NGA031",2
"Ibadan North East","NGA031007","NGA031",2
"Ibadan North West","NGA031008","NGA031",2
"Ibadan South East","NGA031009","NGA031",2
"Ibadan South West","NGA031010","NGA031",2
"Ibarapa Central","NGA031011","NGA031",2
"Ibarapa East","NGA031012","NGA031",2
"Ibarapa North","NGA031013","NGA031",2
"Ido","NGA031014","NGA031",2
"Irepo","NGA031015","NGA031",2
"Iseyin","NGA031016","NGA031",2
"Itesiwaju","NGA031017","NGA031",2
"Kajola","NGA031019","NGA031",2
"Lagelu","NGA031020","NGA031",2
"Ogbomosho North","NGA031021","NGA031",2
"Ogbomosho South","NGA031022","NGA031",2
"Ogo Oluwa","NGA031023","NGA031",2
"Olorunsogo","NGA031024","NGA031",2
"Oluyole","NGA031025","NGA031",2
"Ona-Ara","NGA031026","NGA031",2
"Orelope","NGA031027","NGA031",2
"Ori Ire","NGA031028","NGA031",2
"Oyo East","NGA031029","NGA031",2
"Oyo West","NGA031030","NGA031",2
"Saki East","NGA031031","NGA031",2
"Saki West","NGA031032","NGA031",2
"Surulere","NGA031033","NGA031",2
"Barikin Ladi","NGA032001","NGA032",2
"Bassa","NGA032002","NGA032",2
"Bokkos","NGA032003","NGA032",2
"Jos East","NGA032004","NGA032",2
"Jos North","NGA032005","NGA032",2
"Jos South","NGA032006","NGA032",2
"Kanam","NGA032007","NGA032",2
"Kanke","NGA032008","NGA032",2
"Langtang North","NGA032009","NGA032",2
"Langtang South","NGA032010","NGA032",2
"Mangu","NGA032011","NGA032",2
"Mikang","NGA032012","NGA032",2
"Pankshin","NGA032013","NGA032",2
"Qua'an Pan","NGA032014","NGA032",2
"Riyom","NGA032015","NGA032",2
"Shendam","NGA032016","NGA032",2
"Wase","NGA032017","NGA032",2
"Abua/Odual","NGA033001","NGA033",2
"Ahoada East","NGA033002","NGA033",2
"Ahoada West","NGA033003","NGA033",2
"Andoni","NGA033005","NGA033",2
"Asari-Toru","NGA033006","NGA033",2
"Bonny","NGA033007","NGA033",2
"Eleme","NGA033009","NGA033",2
"Emohua","NGA033010","NGA033",2
"Etche","NGA033011","NGA033",2
"Gokana","NGA033012","NGA033",2
"Ikwerre","NGA033013","NGA033",2
"Khana","NGA033014","NGA033",2
"Obia/Akpor","NGA033015","NGA033",2
"Ogba/Egbema/Ndoni","NGA033016","NGA033",2
"Ogu/Bolo","NGA033017","NGA033",2
"Okrika","NGA033018","NGA033",2
"Omumma","NGA033019","NGA033",2
"Opobo/Nkoro","NGA033020","NGA033",2
"Oyigbo","NGA033021","NGA033",2
"Port-Harcourt","NGA033022","NGA033",2
"Tai","NGA033023","NGA033",2
"Binji","NGA034001","NGA034",2
"Bodinga","NGA034002","NGA034",2
"Dange-Shnsi","NGA034003","NGA034",2
"Goronyo","NGA034006","NGA034",2
"Gawabawa","NGA034005","NGA034",2
"Illela","NGA034008","NGA034",2
"Isa","NGA034009","NGA034",2
"Kebbe","NGA034010","NGA034",2
"Kware","NGA034011","NGA034",2
"Rabah","NGA034012","NGA034",2
"Shagari","NGA034014","NGA034",2
"Silame","NGA034015","NGA034",2
"Sokoto North","NGA034016","NGA034",2
"Sokoto South","NGA034017","NGA034",2
"Tambuwal","NGA034018","NGA034",2
"Tureta","NGA034020","NGA034",2
"Wamako","NGA034021","NGA034",2
"Wurno","NGA034022","NGA034",2
"Yabo","NGA034023","NGA034",2
"Ardo-Kola","NGA035001","NGA035",2
"Bali","NGA035002","NGA035",2
"Donga","NGA035003","NGA035",2
"Gassol","NGA035005","NGA035",2
"Ibi","NGA035006","NGA035",2
"Jalingo","NGA035007","NGA035",2
"Karin-Lamido","NGA035008","NGA035",2
"Lau","NGA035010","NGA035",2
"Wukari","NGA035014","NGA035",2
"Yorro","NGA035015","NGA035",2
"Zing","NGA035016","NGA035",2
"Bade","NGA036001","NGA036",2
"Bursari","NGA036002","NGA036",2
"Damaturu","NGA036003","NGA036",2
"Fika","NGA036004","NGA036",2
"Fune","NGA036005","NGA036",2
"Geidam","NGA036006","NGA036",2
"Gujba","NGA036007","NGA036",2
"Gulani","NGA036008","NGA036",2
"Jakusko","NGA036009","NGA036",2
"Karasuwa","NGA036010","NGA036",2
"Nangere","NGA036012","NGA036",2
"Nguru","NGA036013","NGA036",2
"Potiskum","NGA036014","NGA036",2
"Tarmua","NGA036015","NGA036",2
"Anka","NGA037001","NGA037",2
"Bakura","NGA037002","NGA037",2
"Birnin Magaji","NGA037003","NGA037",2
"Bukkuyum","NGA037004","NGA037",2
"Bungudu","NGA037005","NGA037",2
"Gummi","NGA037006","NGA037",2
"Gusau","NGA037007","NGA037",2
"Kaura-Namoda","NGA037008","NGA037",2
"Maradun","NGA037009","NGA037",2
"Maru","NGA037010","NGA037",2
"Shinkafi","NGA037011","NGA037",2
"Talata Mafara","NGA037012","NGA037",2
"Tsafe","NGA037013","NGA037",2
"Zurmi","NGA037014","NGA037",2
"Mbo","NGA003017","NGA003",2
"Oron","NGA003025","NGA003",2
"Udung Uko","NGA003027","NGA003",2
"Calabar South","NGA009008","NGA009",2
"Ibeno","NGA003008","NGA003",2
"Eastern Obolo","NGA003002","NGA003",2
"Degema","NGA033008","NGA033",2
"Akuku Toru","NGA033004","NGA033",2
"Brass","NGA006001","NGA006",2
"Southern Ijaw","NGA006007","NGA006",2
"Ekeremor","NGA006002","NGA006",2
"Burutu","NGA010004","NGA010",2
"Warri South West","NGA010025","NGA010",2
"Warri North","NGA010023","NGA010",2
"Ilaje","NGA029010","NGA029",2
"Ibeju/Lekki","NGA025009","NGA025",2
"Amuwo-Odofin","NGA025004","NGA025",2
"Badagry","NGA025006","NGA025",2
"Ipokia","NGA028014","NGA028",2
"Egbado North","NGA028004","NGA028",2
"Imeko-Afon","NGA028013","NGA028",2
"Iwajowa","NGA031018","NGA031",2
"Atigbo","NGA031004","NGA031",2
"Baruten","NGA024002","NGA024",2
"Borgu","NGA027004","NGA027",2
"Bagudo","NGA022005","NGA022",2
"Dandi","NGA022008","NGA022",2
"Arewa-Dandi","NGA022002","NGA022",2
"Gudu","NGA034007","NGA034",2
"Tangaza","NGA034019","NGA034",2
"Gada","NGA034004","NGA034",2
"Sabon Birni","NGA034013","NGA034",2
"kaita","NGA021018","NGA021",2
"Jibia","NGA021016","NGA021",2
"Mashi","NGA021027","NGA021",2
"Mai'Adua","NGA021024","NGA021",2
"Zango","NGA021034","NGA021",2
"Baure","NGA021004","NGA021",2
"Sule-Tankarkar","NGA018025","NGA018",2
"Maigatari","NGA018020","NGA018",2
"Machina","NGA036011","NGA036",2
"Yusufari","NGA036017","NGA036",2
"Yunusari","NGA036016","NGA036",2
"Mobbar","NGA008023","NGA008",2
"Abadam","NGA008001","NGA008",2
"Kukawa","NGA008017","NGA008",2
"Monguno","NGA008024","NGA008",2
"Ngala","NGA008025","NGA008",2
"Kala/Balge","NGA008015","NGA008",2
"Bama","NGA008003","NGA008",2
"Gwoza","NGA008011","NGA008",2
"Madagali","NGA002010","NGA002",2
"Michika","NGA002013","NGA002",2
"Mubi North","NGA002014","NGA002",2
"Mubi South","NGA002015","NGA002",2
"Maiha","NGA002011","NGA002",2
"Fufore","NGA002002","NGA002",2
"Jada","NGA002008","NGA002",2
"Ganaye","NGA002003","NGA002",2
"Toungo","NGA002019","NGA002",2
"Gashaka","NGA035004","NGA035",2
"Sardauna","NGA035011","NGA035",2
"Kurmi","NGA035009","NGA035",2
"Ussa","NGA035013","NGA035",2
"Takum","NGA035012","NGA035",2
"Kwande","NGA007011","NGA007",2
"Obanliku","NGA009012","NGA009",2
"Boki","NGA009007","NGA009",2
"Etung","NGA009010","NGA009",2
"Akamkpa","NGA009002","NGA009",2
"Bakassi","NGA009004","NGA009",2
"Akpabuyo","NGA009003","NGA009",2
"Eti-Osa","NGA025008","NGA025",2
"Ikorodu","NGA025012","NGA025",2
"Kosofe","NGA025013","NGA025",2
"Lagos Island","NGA025014","NGA025",2
"Lagos Mainland","NGA025015","NGA025",2
"Shomolu","NGA025019","NGA025",2
"DAKAR","SEN001","SEN",1
"SAINT LOUIS","SEN010","SEN",1
"THIES","SEN013","SEN",1
"MATAM","SEN009","SEN",1
"DIOURBEL","SEN002","SEN",1
"LOUGA","SEN008","SEN",1
"ZIGUINCHOR","SEN014","SEN",1
"SEDHIOU","SEN011","SEN",1
"KOLDA","SEN007","SEN",1
"KEDOUGOU","SEN006","SEN",1
"TAMABACOUNDA","SEN012","SEN",1
"KAFFRINE","SEN004","SEN",1
"FATICK","SEN003","SEN",1
"KAOLACK","SEN005","SEN",1
"RUFISQUE","SEN001004","SEN001",2
"GUEDIAWAYE","SEN001002","SEN001",2
"PIKINE","SEN001003","SEN001",2
"DAKAR","SEN001001","SEN001",2
"BAMBEY","SEN002001","SEN002",2
"DIOURBEL","SEN002002","SEN002",2
"MBACKE","SEN002003","SEN002",2
"FOUNDIOUGNE","SEN003002","SEN003",2
"FATICK","SEN003001","SEN003",2
"GOSSAS","SEN003003","SEN003",2
"KOUNGHEUL","SEN004003","SEN004",2
"BIRKELANE","SEN004001","SEN004",2
"MALEM HODAR","SEN004004","SEN004",2
"KAFFRINE","SEN004002","SEN004",2
"GUINGUINEO","SEN005001","SEN005",2
"KAOLACK","SEN005002","SEN005",2
"NIORO DU RIP","SEN005003","SEN005",2
"SALEMATA","SEN006002","SEN006",2
"KEDOUGOU","SEN006001","SEN006",2
"SARAYA","SEN006003","SEN006",2
"MEDINA YORO FOULAH","SEN007002","SEN007",2
"KOLDA","SEN007001","SEN007",2
"VELINGARA","SEN007003","SEN007",2
"LOUGA","SEN008003","SEN008",2
"LINGUERE","SEN008002","SEN008",2
"KEBEMER","SEN008001","SEN008",2
"MATAM","SEN009002","SEN009",2
"KANEL","SEN009001","SEN009",2
"RANEROU","SEN009003","SEN009",2
"PODOR","SEN010002","SEN010",2
"DAGANA","SEN010001","SEN010",2
"SAINT LOUIS","SEN010003","SEN010",2
"BOUNKILING","SEN011001","SEN011",2
"GOUDOMP","SEN011002","SEN011",2
"SEDHIOU","SEN011003","SEN011",2
"KOUMPENTOUM","SEN012003","SEN012",2
"TAMBACOUNDA","SEN012004","SEN012",2
"GOUDIRY","SEN012002","SEN012",2
"BAKEL","SEN012001","SEN012",2
"TIVAOUANE","SEN013003","SEN013",2
"THIES","SEN013002","SEN013",2
"MBOUR","SEN013001","SEN013",2
"ZIGUINCHOR","SEN014003","SEN014",2
"OUSSOUYE","SEN014002","SEN014",2
"BIGNONA","SEN014001","SEN014",2
"Southern","SLE03","SLE",1
"Eastern","SLE01","SLE",1
"Western Area","SLE04","SLE",1
"Northern","SLE02","SLE",1
"Pujehun","SLE0304","SLE03",2
"Bonthe","SLE0302","SLE03",2
"Moyamba","SLE0303","SLE03",2
"Kenema","SLE0102","SLE01",2
"Kailahun","SLE0101","SLE01",2
"Bo","SLE0301","SLE03",2
"Tonkolili","SLE0205","SLE02",2
"Port Loko","SLE0204","SLE02",2
"Kono","SLE0103","SLE01",2
"Koinadugu","SLE0203","SLE02",2
"Bombali","SLE0201","SLE02",2
"Kambia","SLE0202","SLE02",2
"Western Area Rural","SLE0401","SLE04",2
"Western Area Urban","SLE0402","SLE04",2
